Dionesus-rank	RandomForest-rank	Lasso-rank	range	mean-rank	median-rank	sd-rank	regulator-target	tp	index	Edge	Lag	Lag_list	Sign	parent	child	name_x	parent_cluster	name_y	child_cluster	Source	Target	moduleID	window_size	min_lag	max_lag	total_edges	pr	roc
7	31	2	(2, 31)	13.333333333333334	7.0	15.50268793897798	('torr', 'tord')	True	2769.0	('torr', 'tord')	10.0	[(0, 0.43898760978717172, 1.7453982524172354e-07), (10, 0.74972795051794994, 5.4711823082271293e-12), (20, 0.58343519988283299, 1.9070218801178872e-06), (30, 0.38950361834089064, 0.00078677837705311759), (60, 0.098460228193191987, 0.58566449415526445), (90, 0.051169465884240567, 0.85072227715999671)]	['+']	torr	tord	torr	11.0	tord	11.0	torr	tord	iscr	4	0	1	86	0.29668107791247683	0.5989229608287013
25	6	13	(6, 25)	14.666666666666666	13.0	9.60902353693305	('gadx', 'yedx')	False												gadx	yedx	iscr	4	0	1	86	0.29668107791247683	0.5989229608287013
23	15	11	(11, 23)	16.333333333333332	15.0	6.110100926607786	('cusr', 'cusf')	True	1040.0	('cusr', 'cusf')	0.0	[(0, 0.39917513667307603, 2.5460261596147117e-06), (10, 0.41189114002102911, 0.0010760849686564445), (20, 0.33728945422118878, 0.010295900980686813), (30, 0.072408352825390473, 0.5484512861555555), (60, -0.38709033101289742, 0.026048299562478745), (90, 0.060333730024670469, 0.82434540547775415)]	['+']	cusr	cusf	cusr	49.0	cusf	49.0	cusr	cusf	iscr	4	0	1	86	0.29668107791247683	0.5989229608287013
37	17	1	(1, 37)	18.333333333333332	17.0	18.036999011291577	('torr', 'amtb')	False												torr	amtb	iscr	4	0	1	86	0.29668107791247683	0.5989229608287013
0	0	58	(0, 58)	19.333333333333332	0.0	33.4863156129983	('iscr', 'iscs')	True	1891.0	('iscr', 'iscs')	0.0	[(0, 0.8686719426393793, 7.2535167288466565e-41), (10, 0.37012287470476862, 0.0036051501998580135), (20, 0.04403944614483718, 0.74496749808890206), (30, 0.052751729844920374, 0.66217761019526944), (60, 0.31321145032194758, 0.075922809004694558), (90, 0.17347861495022765, 0.52053152076963283)]	['-']	iscr	iscs	iscr	3.0	iscs	3.0	iscr	iscs	iscr	4	0	1	86	0.29668107791247683	0.5989229608287013
3	3	66	(3, 66)	24.0	3.0	36.373066958946424	('torr', 'eda')	False												torr	eda	iscr	4	0	1	86	0.29668107791247683	0.5989229608287013
4	14	55	(4, 55)	24.333333333333332	14.0	27.024680078279065	('torr', 'cusa')	False												torr	cusa	iscr	4	0	1	86	0.29668107791247683	0.5989229608287013
26	39	9	(9, 39)	24.666666666666668	26.0	15.044378795195676	('torr', 'cusb')	False												torr	cusb	iscr	4	0	1	86	0.29668107791247683	0.5989229608287013
2	2	80	(2, 80)	28.0	2.0	45.033320996790806	('iscr', 'isca')	True	1890.0	('iscr', 'isca')	0.0	[(0, 0.80005234757082899, 3.4625971606178707e-30), (10, 0.29654465143347869, 0.021407379558145399), (20, -0.077701657688187237, 0.56562429453991658), (30, 0.17526744403079966, 0.14375246259219818), (60, 0.37082150534116998, 0.033630630693100169), (90, 0.21864248715167386, 0.41590804466423204)]	['-']	iscr	isca	iscr	3.0	isca	3.0	iscr	isca	iscr	4	0	1	86	0.29668107791247683	0.5989229608287013
17	29	38	(17, 38)	28.0	29.0	10.535653752852738	('torr', 'cuss')	False												torr	cuss	iscr	4	0	1	86	0.29668107791247683	0.5989229608287013
16	8	63	(8, 63)	29.0	16.0	29.715315916207253	('torr', 'tora')	True	2767.0	('torr', 'tora')	10.0	[(0, 0.44806593571601944, 9.01483380560248e-08), (10, 0.73147962471571326, 3.1806231993285692e-11), (20, 0.54292609746458687, 1.2808175121592434e-05), (30, 0.25637402851934005, 0.030919163191101766), (60, 0.10491422804299678, 0.56120330161571463), (90, 0.186072511036245, 0.49020766798257986)]	['+']	torr	tora	torr	11.0	tora	11.0	torr	tora	iscr	4	0	1	86	0.29668107791247683	0.5989229608287013
5	10	79	(5, 79)	31.333333333333332	10.0	41.356176483487125	('cusr', 'nrdh')	False												cusr	nrdh	iscr	4	0	1	86	0.29668107791247683	0.5989229608287013
15	35	47	(15, 47)	32.333333333333336	35.0	16.165807537309522	('cusr', 'cusc')	True	1039.0	('cusr', 'cusc')	0.0	[(0, 0.44604505868127742, 1.0460571729101556e-07), (10, 0.3501739724303678, 0.0060916716458562616), (20, 0.26311209602673663, 0.047992225978783012), (30, 0.085202455056048454, 0.47989489486408654), (60, -0.43243977204761413, 0.011958411113899753), (90, 0.18010708659144514, 0.50446517772386046)]	['+']	cusr	cusc	cusr	49.0	cusc	49.0	cusr	cusc	iscr	4	0	1	86	0.29668107791247683	0.5989229608287013
28	58	12	(12, 58)	32.666666666666664	28.0	23.35237318418266	('gadx', 'ybat')	True	1803.0	('gadx', 'ybat')	0.0	[(0, 0.54779306830754526, 1.5296859341059886e-11), (10, 0.45804549393210786, 0.00023319515356179946), (20, 0.2634884443494977, 0.047661962172395399), (30, 0.13773208713717894, 0.25203512023478081), (60, 0.7086055319918444, 3.9402463463589524e-06), (90, 0.70261573923899889, 0.002402990794257986)]	['+']	gadx	ybat	gadx	11.0	ybat	11.0	gadx	ybat	iscr	4	0	1	86	0.29668107791247683	0.5989229608287013
75	12	14	(12, 75)	33.666666666666664	14.0	35.809682117177935	('torr', 'cusf')	False												torr	cusf	iscr	4	0	1	86	0.29668107791247683	0.5989229608287013
30	26	54	(26, 54)	36.666666666666664	30.0	15.14375558880073	('gadx', 'hdeb')	True	1793.0	('gadx', 'hdeb')	0.0	[(0, 0.50018617005931254, 1.367334235720141e-09), (10, 0.37514246073595642, 0.0031429681864054153), (20, 0.34864412241791048, 0.0078641025798910809), (30, 0.41543859868707927, 0.00031493016413670872), (60, 0.73660267360296239, 1.0229607827303447e-06), (90, 0.65518554033923393, 0.0058710247214009362)]	['+-']	gadx	hdeb	gadx	11.0	hdeb	11.0	gadx	hdeb	iscr	4	0	1	86	0.29668107791247683	0.5989229608287013
46	16	64	(16, 64)	42.0	46.0	24.24871130596428	('gntr', 'hded')	False												gntr	hded	iscr	4	0	1	86	0.29668107791247683	0.5989229608287013
52	13	65	(13, 65)	43.333333333333336	52.0	27.061657993059725	('torr', 'hyaf')	False												torr	hyaf	iscr	4	0	1	86	0.29668107791247683	0.5989229608287013
24	49	59	(24, 59)	44.0	49.0	18.027756377319946	('gntr', 'slp')	False												gntr	slp	iscr	4	0	1	86	0.29668107791247683	0.5989229608287013
1	1	140	(1, 140)	47.333333333333336	1.0	80.25168741735799	('iscr', 'iscu')	True	1892.0	('iscr', 'iscu')	0.0	[(0, 0.85229113224400299, 7.7814707472163877e-38), (10, 0.42500357461100235, 0.00071222481840350525), (20, 0.096552352717397219, 0.47493261311125645), (30, 0.16875155325279348, 0.15948719197647435), (60, 0.42389475866515192, 0.013957198244215128), (90, 0.3113847960418788, 0.24040376681891348)]	['-']	iscr	iscu	iscr	3.0	iscu	3.0	iscr	iscu	iscr	4	0	1	86	0.29668107791247683	0.5989229608287013
73	22	52	(22, 73)	49.0	52.0	25.632011235952593	('torr', 'cusr')	False												torr	cusr	iscr	4	0	1	86	0.29668107791247683	0.5989229608287013
44	76	34	(34, 76)	51.333333333333336	44.0	21.93931022920578	('gntr', 'naph')	False												gntr	naph	iscr	4	0	1	86	0.29668107791247683	0.5989229608287013
10	19	125	(10, 125)	51.333333333333336	19.0	63.95571384429489	('cusr', 'ybat')	False												cusr	ybat	iscr	4	0	1	86	0.29668107791247683	0.5989229608287013
22	41	91	(22, 91)	51.333333333333336	41.0	35.64173583501978	('torr', 'iscu')	False												torr	iscu	iscr	4	0	1	86	0.29668107791247683	0.5989229608287013
29	40	86	(29, 86)	51.666666666666664	40.0	30.237945256470937	('cusr', 'hns')	False												cusr	hns	iscr	4	0	1	86	0.29668107791247683	0.5989229608287013
54	52	53	(52, 54)	53.0	53.0	1.0	('gadx', 'asnb')	True	1783.0	('gadx', 'asnb')	30.0	[(0, 0.28875572451400222, 0.00086289349066764724), (10, 0.28597250166704563, 0.02675881029365058), (20, 0.4722700606081961, 0.00020802972165770764), (30, 0.56417433010248541, 2.9950261514963717e-07), (60, 0.10295841779686543, 0.56856615957694401), (90, 0.14643772598307148, 0.58839179839188072)]	['+']	gadx	asnb	gadx	11.0	asnb	11.0	gadx	asnb	iscr	4	0	1	86	0.29668107791247683	0.5989229608287013
70	32	61	(32, 70)	54.333333333333336	61.0	19.857828011475306	('gntr', 'gadw')	False												gntr	gadw	iscr	4	0	1	86	0.29668107791247683	0.5989229608287013
58	11	100	(11, 100)	56.333333333333336	58.0	44.52340208624374	('torr', 'ybas')	False												torr	ybas	iscr	4	0	1	86	0.29668107791247683	0.5989229608287013
41	90	41	(41, 90)	57.333333333333336	41.0	28.29016319029166	('iscr', 'tora')	False												iscr	tora	iscr	4	0	1	86	0.29668107791247683	0.5989229608287013
48	80	49	(48, 80)	59.0	49.0	18.193405398660254	('torr', 'gntu')	False												torr	gntu	iscr	4	0	1	86	0.29668107791247683	0.5989229608287013
35	110	32	(32, 110)	59.0	35.0	44.19275958796871	('gadx', 'muri')	True	1798.0	('gadx', 'muri')	30.0	[(0, 0.037193265136698413, 0.67439914236886545), (10, 0.21476707638435585, 0.09937836733189237), (20, 0.34514540794178955, 0.0085535984950105438), (30, 0.54330075896484442, 9.7976082126752582e-07), (60, -0.19605700735924156, 0.27417864279173171), (90, 0.091264880580645191, 0.73675835596612904)]	['-']	gadx	muri	gadx	11.0	muri	11.0	gadx	muri	iscr	4	0	1	86	0.29668107791247683	0.5989229608287013
21	62	106	(21, 106)	63.0	62.0	42.50882261366456	('cusr', 'cuss')	True	1041.0	('cusr', 'cuss')		[(0, 0.29175824310335613, 0.0007571170575469303), (10, 0.0060653119497347582, 0.96331519321146442), (20, 0.076856517883503242, 0.56987184196723728), (30, 0.15764089420457164, 0.1891981853585408), (60, 0.081343233230791304, 0.65270270489294746), (90, 0.62360291016475589, 0.0098444176651050225)]	['+']	cusr	cuss	cusr	49.0	cuss	49.0	cusr	cuss	iscr	4	0	1	86	0.29668107791247683	0.5989229608287013
9	66	130	(9, 130)	68.33333333333333	66.0	60.533737149901235	('gadx', 'ydiu')	False												gadx	ydiu	iscr	4	0	1	86	0.29668107791247683	0.5989229608287013
93	84	43	(43, 93)	73.33333333333333	84.0	26.6520793435209	('cusr', 'napc')	False												cusr	napc	iscr	4	0	1	86	0.29668107791247683	0.5989229608287013
31	89	101	(31, 101)	73.66666666666667	89.0	37.43438704364389	('cusr', 'nrde')	False												cusr	nrde	iscr	4	0	1	86	0.29668107791247683	0.5989229608287013
118	114	5	(5, 118)	79.0	114.0	64.11708040764177	('gntr', 'hyab')	False												gntr	hyab	iscr	4	0	1	86	0.29668107791247683	0.5989229608287013
71	57	129	(57, 129)	85.66666666666667	71.0	38.17503547258775	('gadx', 'gntr')	False												gadx	gntr	iscr	4	0	1	86	0.29668107791247683	0.5989229608287013
32	129	97	(32, 129)	86.0	97.0	49.42671342502959	('cusr', 'cusb')	True	1038.0	('cusr', 'cusb')		[(0, 0.19227648096081359, 0.028407839451486075), (10, 0.2542444242688493, 0.04996259903408741), (20, 0.21231882895433249, 0.11283104000778481), (30, -0.14392524270043586, 0.23112892981622657), (60, -0.48933579892964657, 0.0038516169114403962), (90, 0.23002255557532189, 0.39142665076705696)]	['+']	cusr	cusb	cusr	49.0	cusb	49.0	cusr	cusb	iscr	4	0	1	86	0.29668107791247683	0.5989229608287013
11	37	214	(11, 214)	87.33333333333333	37.0	110.46417217058811	('cusr', 'nrdi')	False												cusr	nrdi	iscr	4	0	1	86	0.29668107791247683	0.5989229608287013
90	173	0	(0, 173)	87.66666666666667	90.0	86.52359986346693	('gntr', 'hyaa')	False												gntr	hyaa	iscr	4	0	1	86	0.29668107791247683	0.5989229608287013
200	20	45	(20, 200)	88.33333333333333	45.0	97.5106831754005	('torr', 'ybat')	False												torr	ybat	iscr	4	0	1	86	0.29668107791247683	0.5989229608287013
121	82	69	(69, 121)	90.66666666666667	82.0	27.061657993059725	('cusr', 'gadx')	False												cusr	gadx	iscr	4	0	1	86	0.29668107791247683	0.5989229608287013
33	94	146	(33, 146)	91.0	94.0	56.55970296951709	('torr', 'torc')	True	2768.0	('torr', 'torc')		[(0, 0.23614577346170704, 0.0068337811216203932), (10, 0.36787796533759248, 0.003830646620945176), (20, 0.37199835603257325, 0.0043810423365078796), (30, 0.13749356464789514, 0.25286528105311912), (60, 0.030261703225015098, 0.8672320963977137), (90, 0.14281953283780757, 0.59773855053157376)]	['+']	torr	torc	torr	11.0	torc	11.0	torr	torc	iscr	4	0	1	86	0.29668107791247683	0.5989229608287013
116	81	82	(81, 116)	93.0	82.0	19.924858845171276	('gntr', 'cusb')	False												gntr	cusb	iscr	4	0	1	86	0.29668107791247683	0.5989229608287013
20	7	252	(7, 252)	93.0	20.0	137.85136923512948	('cusr', 'gadw')	False												cusr	gadw	iscr	4	0	1	86	0.29668107791247683	0.5989229608287013
45	70	171	(45, 171)	95.33333333333333	70.0	66.7108187128095	('gntr', 'cyoa')	False												gntr	cyoa	iscr	4	0	1	86	0.29668107791247683	0.5989229608287013
34	48	210	(34, 210)	97.33333333333333	48.0	97.82296935450965	('torr', 'iscs')	False												torr	iscs	iscr	4	0	1	86	0.29668107791247683	0.5989229608287013
129	154	18	(18, 154)	100.33333333333333	129.0	72.3901466591506	('torr', 'muri')	False												torr	muri	iscr	4	0	1	86	0.29668107791247683	0.5989229608287013
67	78	164	(67, 164)	103.0	78.0	53.113086899558006	('gntr', 'napf')	False												gntr	napf	iscr	4	0	1	86	0.29668107791247683	0.5989229608287013
135	30	147	(30, 147)	104.0	135.0	64.36614016701638	('iscr', 'napa')	True	1893.0	('iscr', 'napa')		[(0, -0.22120824112492538, 0.011431734240533346), (10, 0.49176030226390394, 6.599324692783597e-05), (20, 0.44146739390960221, 0.0005869235916888361), (30, 0.086644318273616044, 0.47246635181769037), (60, -0.099805688622020147, 0.58052644990106206), (90, -0.57754509278791033, 0.019137513095532001)]	['-']	iscr	napa	iscr	3.0	napa	3.0	iscr	napa	iscr	4	0	1	86	0.29668107791247683	0.5989229608287013
107	199	6	(6, 199)	104.0	107.0	96.53496775780266	('gadx', 'nrdh')	False												gadx	nrdh	iscr	4	0	1	86	0.29668107791247683	0.5989229608287013
86	159	68	(68, 159)	104.33333333333333	86.0	48.19059382631981	('cusr', 'gntx')	False												cusr	gntx	iscr	4	0	1	86	0.29668107791247683	0.5989229608287013
202	24	88	(24, 202)	104.66666666666667	88.0	90.16281569102271	('iscr', 'napg')	True	1898.0	('iscr', 'napg')		[(0, -0.1414568386963454, 0.10841411136500918), (10, 0.42650504503765485, 0.00067862648057372273), (20, 0.46693459647881891, 0.00025073956775985181), (30, 0.099229546922049716, 0.41032798075379739), (60, 0.0049576130675237111, 0.97815559706088706), (90, -0.15946536536175876, 0.55524754288473699)]	['-']	iscr	napg	iscr	3.0	napg	3.0	iscr	napg	iscr	4	0	1	86	0.29668107791247683	0.5989229608287013
103	206	10	(10, 206)	106.33333333333333	103.0	98.0425077878638	('iscr', 'gady')	False												iscr	gady	iscr	4	0	1	86	0.29668107791247683	0.5989229608287013
208	51	62	(51, 208)	107.0	62.0	87.64131445842195	('gadx', 'cusf')	False												gadx	cusf	iscr	4	0	1	86	0.29668107791247683	0.5989229608287013
149	56	120	(56, 149)	108.33333333333333	120.0	47.58501164582534	('torr', 'hyaa')	False												torr	hyaa	iscr	4	0	1	86	0.29668107791247683	0.5989229608287013
65	111	150	(65, 150)	108.66666666666667	111.0	42.54801209614068	('torr', 'edd')	False												torr	edd	iscr	4	0	1	86	0.29668107791247683	0.5989229608287013
27	28	273	(27, 273)	109.33333333333333	28.0	141.74037298290608	('gadx', 'cyoe')	False												gadx	cyoe	iscr	4	0	1	86	0.29668107791247683	0.5989229608287013
173	25	134	(25, 173)	110.66666666666667	134.0	76.70940837559193	('cusr', 'cyob')	True	1043.0	('cusr', 'cyob')	30.0	[(0, 0.081536257894411532, 0.35641682623224324), (10, -0.0098636519249583193, 0.94037536979432401), (20, 0.23409345745161203, 0.079661323253856692), (30, 0.52082011296800212, 3.2210502187046988e-06), (60, 0.63106988409224563, 8.2326362826487168e-05), (90, 0.41299899517671879, 0.11185094251815098)]	['+']	cusr	cyob	cusr	49.0	cyob	49.0	cusr	cyob	iscr	4	0	1	86	0.29668107791247683	0.5989229608287013
18	171	144	(18, 171)	111.0	144.0	81.6639455328972	('iscr', 'torc')	False												iscr	torc	iscr	4	0	1	86	0.29668107791247683	0.5989229608287013
40	99	194	(40, 194)	111.0	99.0	77.69813382572325	('gadx', 'amtb')	True	1782.0	('gadx', 'amtb')		[(0, -0.22962124349800242, 0.0085885690541902277), (10, -0.23192534504285706, 0.074570878404234112), (20, -0.11907439183312134, 0.377658026801588), (30, -0.11873014683347828, 0.324047720273129), (60, -0.098186888067067241, 0.58671077270053618), (90, -0.072318182135723219, 0.79011947870662491)]	['+']	gadx	amtb	gadx	11.0	amtb	11.0	gadx	amtb	iscr	4	0	1	86	0.29668107791247683	0.5989229608287013
162	69	104	(69, 162)	111.66666666666667	104.0	46.97162263892246	('gadx', 'cusb')	False												gadx	cusb	iscr	4	0	1	86	0.29668107791247683	0.5989229608287013
89	168	81	(81, 168)	112.66666666666667	89.0	48.08672720547047	('gntr', 'gada')	False												gntr	gada	iscr	4	0	1	86	0.29668107791247683	0.5989229608287013
159	63	116	(63, 159)	112.66666666666667	116.0	48.08672720547047	('cusr', 'cyoa')	True	1042.0	('cusr', 'cyoa')		[(0, 0.083246842536802132, 0.34638283768666256), (10, -0.071211780578764039, 0.58872282188219094), (20, 0.10939418302527527, 0.41791398593632889), (30, 0.4288852440859815, 0.00019013754005475138), (60, 0.5696214829710351, 0.00054011735555997741), (90, 0.61359969070029063, 0.0114688164991132)]	['+']	cusr	cyoa	cusr	49.0	cyoa	49.0	cusr	cyoa	iscr	4	0	1	86	0.29668107791247683	0.5989229608287013
87	132	123	(87, 132)	114.0	123.0	23.811761799581316	('gadx', 'nrdf')	False												gadx	nrdf	iscr	4	0	1	86	0.29668107791247683	0.5989229608287013
56	61	235	(56, 235)	117.33333333333333	61.0	101.93298452087691	('torr', 'cusc')	False												torr	cusc	iscr	4	0	1	86	0.29668107791247683	0.5989229608287013
42	5	311	(5, 311)	119.33333333333333	42.0	167.01596730053487	('gntr', 'hyad')	False												gntr	hyad	iscr	4	0	1	86	0.29668107791247683	0.5989229608287013
167	169	28	(28, 169)	121.33333333333333	167.0	80.83522334560185	('iscr', 'yedx')	False												iscr	yedx	iscr	4	0	1	86	0.29668107791247683	0.5989229608287013
197	131	37	(37, 197)	121.66666666666667	131.0	80.40729651799849	('gntr', 'torr')	False												gntr	torr	iscr	4	0	1	86	0.29668107791247683	0.5989229608287013
6	4	358	(4, 358)	122.66666666666667	6.0	203.80709833892766	('gadx', 'cuss')	False												gadx	cuss	iscr	4	0	1	86	0.29668107791247683	0.5989229608287013
123	163	89	(89, 163)	125.0	123.0	37.04051835490427	('cusr', 'naph')	False												cusr	naph	iscr	4	0	1	86	0.29668107791247683	0.5989229608287013
232	127	19	(19, 232)	126.0	127.0	106.50352106855435	('torr', 'nrde')	False												torr	nrde	iscr	4	0	1	86	0.29668107791247683	0.5989229608287013
47	148	186	(47, 186)	127.0	148.0	71.84010022264724	('iscr', 'torr')	False												iscr	torr	iscr	4	0	1	86	0.29668107791247683	0.5989229608287013
146	85	157	(85, 157)	129.33333333333334	146.0	38.785736209763165	('iscr', 'napf')	True	1897.0	('iscr', 'napf')	20.0	[(0, -0.16055994753428066, 0.068024827058898923), (10, 0.39684102597139709, 0.0016938328366616002), (20, 0.54650906811519884, 1.0930182169827673e-05), (30, 0.13358297381132958, 0.26674179664729858), (60, -0.091832668833416134, 0.61126139654110312), (90, -0.52588384766582863, 0.036412567150504629)]	['-']	iscr	napf	iscr	3.0	napf	3.0	iscr	napf	iscr	4	0	1	86	0.29668107791247683	0.5989229608287013
124	68	197	(68, 197)	129.66666666666666	124.0	64.68642309892651	('gntr', 'gadx')	False												gntr	gadx	iscr	4	0	1	86	0.29668107791247683	0.5989229608287013
182	190	17	(17, 190)	129.66666666666666	182.0	97.6541516441228	('cusr', 'iscu')	False												cusr	iscu	iscr	4	0	1	86	0.29668107791247683	0.5989229608287013
179	102	109	(102, 179)	130.0	109.0	42.579337712087536	('cusr', 'sufs')	False												cusr	sufs	iscr	4	0	1	86	0.29668107791247683	0.5989229608287013
126	92	176	(92, 176)	131.33333333333334	126.0	42.2532050066422	('gadx', 'ybas')	True	1802.0	('gadx', 'ybas')	0.0	[(0, 0.5162932511834758, 3.2300994178708788e-10), (10, 0.23262902500439592, 0.073669891631844051), (20, 0.056101561144113264, 0.67850762142556431), (30, 0.20298186736580182, 0.089560645361830393), (60, 0.71775532081208648, 2.5806571107169212e-06), (90, 0.71928893992811127, 0.0016857868927915884)]	['+']	gadx	ybas	gadx	11.0	ybas	11.0	gadx	ybas	iscr	4	0	1	86	0.29668107791247683	0.5989229608287013
184	178	35	(35, 184)	132.33333333333334	178.0	84.34650753489046	('torr', 'naph')	False												torr	naph	iscr	4	0	1	86	0.29668107791247683	0.5989229608287013
257	120	22	(22, 257)	133.0	120.0	118.03812943282352	('gadx', 'gntk')	False												gadx	gntk	iscr	4	0	1	86	0.29668107791247683	0.5989229608287013
171	225	3	(3, 225)	133.0	171.0	115.77564510725043	('cusr', 'gntr')	False												cusr	gntr	iscr	4	0	1	86	0.29668107791247683	0.5989229608287013
39	64	300	(39, 300)	134.33333333333334	64.0	144.01504551029845	('torr', 'hns')	False												torr	hns	iscr	4	0	1	86	0.29668107791247683	0.5989229608287013
13	44	347	(13, 347)	134.66666666666666	44.0	184.53816226822389	('iscr', 'eda')	False												iscr	eda	iscr	4	0	1	86	0.29668107791247683	0.5989229608287013
53	21	331	(21, 331)	135.0	53.0	170.493401631852	('gntr', 'hyac')	False												gntr	hyac	iscr	4	0	1	86	0.29668107791247683	0.5989229608287013
102	189	114	(102, 189)	135.0	114.0	47.148700936505136	('gntr', 'gntk')	True	1840.0	('gntr', 'gntk')	0.0	[(0, 0.44072466581726155, 1.5404081546438051e-07), (10, 0.49469100365462243, 5.8761158548401074e-05), (20, 0.32609619200809387, 0.013304710194753922), (30, -0.097641765167647776, 0.41789493346621254), (60, -0.16315880529460733, 0.36428177141809326), (90, -0.1503665908228721, 0.57831108839224499)]	['-']	gntr	gntk	gntr	62.0	gntk	62.0	gntr	gntk	iscr	4	0	1	86	0.29668107791247683	0.5989229608287013
230	106	75	(75, 230)	137.0	106.0	82.0182906430023	('gntr', 'torc')	False												gntr	torc	iscr	4	0	1	86	0.29668107791247683	0.5989229608287013
61	269	83	(61, 269)	137.66666666666666	83.0	114.26868920808242	('cusr', 'eda')	False												cusr	eda	iscr	4	0	1	86	0.29668107791247683	0.5989229608287013
68	174	173	(68, 174)	138.33333333333334	173.0	60.91250555783544	('cusr', 'gada')	False												cusr	gada	iscr	4	0	1	86	0.29668107791247683	0.5989229608287013
224	157	36	(36, 224)	139.0	157.0	95.28378665859161	('gadx', 'gadc')	True	1789.0	('gadx', 'gadc')	60.0	[(0, 0.37456420766857002, 1.1316334568415871e-05), (10, 0.21094080457855735, 0.10569913038749117), (20, 0.060588213714852901, 0.65436359811655009), (30, 0.071023658883518109, 0.55614476513393196), (60, 0.77623804849748546, 1.1051189913403778e-07), (90, 0.84746009637445374, 3.4086731419456541e-05)]	['+']	gadx	gadc	gadx	11.0	gadc	11.0	gadx	gadc	iscr	4	0	1	86	0.29668107791247683	0.5989229608287013
83	105	231	(83, 231)	139.66666666666666	105.0	79.8582076766899	('gntr', 'hyae')	False												gntr	hyae	iscr	4	0	1	86	0.29668107791247683	0.5989229608287013
108	146	166	(108, 166)	140.0	146.0	29.46183972531247	('gntr', 'cyod')	False												gntr	cyod	iscr	4	0	1	86	0.29668107791247683	0.5989229608287013
84	246	90	(84, 246)	140.0	90.0	91.84770002564028	('gntr', 'napc')	False												gntr	napc	iscr	4	0	1	86	0.29668107791247683	0.5989229608287013
155	50	218	(50, 218)	141.0	155.0	84.870489570875	('gadx', 'isca')	False												gadx	isca	iscr	4	0	1	86	0.29668107791247683	0.5989229608287013
98	71	254	(71, 254)	141.0	98.0	98.78765105011861	('cusr', 'tnac')	False												cusr	tnac	iscr	4	0	1	86	0.29668107791247683	0.5989229608287013
105	244	76	(76, 244)	141.66666666666666	105.0	89.80163324424191	('gadx', 'glnk')	True	1791.0	('gadx', 'glnk')		[(0, -0.12521063787924913, 0.15577508012941682), (10, -0.339648665940461, 0.007930930208727132), (20, -0.33907574172373184, 0.0098748473080840522), (30, 0.057813833145243743, 0.63200832220218861), (60, -0.023965035201245873, 0.89468438050054544), (90, 0.071562779952485348, 0.79226687650217398)]	['+']	gadx	glnk	gadx	11.0	glnk	11.0	gadx	glnk	iscr	4	0	1	86	0.29668107791247683	0.5989229608287013
172	170	85	(85, 172)	142.33333333333334	170.0	49.66219219218311	('cusr', 'gntk')	False												cusr	gntk	iscr	4	0	1	86	0.29668107791247683	0.5989229608287013
49	34	350	(34, 350)	144.33333333333334	49.0	178.2703938777646	('cusr', 'gady')	False												cusr	gady	iscr	4	0	1	86	0.29668107791247683	0.5989229608287013
59	187	190	(59, 190)	145.33333333333334	187.0	74.78190511971017	('cusr', 'muri')	False												cusr	muri	iscr	4	0	1	86	0.29668107791247683	0.5989229608287013
265	100	72	(72, 265)	145.66666666666666	100.0	104.28966072115362	('iscr', 'idnd')	False												iscr	idnd	iscr	4	0	1	86	0.29668107791247683	0.5989229608287013
183	215	42	(42, 215)	146.66666666666666	183.0	92.04527871288855	('gntr', 'gade')	False												gntr	gade	iscr	4	0	1	86	0.29668107791247683	0.5989229608287013
55	60	325	(55, 325)	146.66666666666666	60.0	154.46142992130214	('iscr', 'nrdf')	True	1901.0	('iscr', 'nrdf')	20.0	[(0, 0.32213669769138187, 0.00018579346276356753), (10, 0.49246017752648413, 6.419527139786267e-05), (20, 0.5995049087061054, 8.3240442856055638e-07), (30, 0.38385306417977716, 0.00095125407667978135), (60, 0.028155762006182829, 0.87639827468313491), (90, 0.033899866073527053, 0.90081277302439189)]	['+']	iscr	nrdf	iscr	3.0	nrdf	3.0	iscr	nrdf	iscr	4	0	1	86	0.29668107791247683	0.5989229608287013
222	109	113	(109, 222)	148.0	113.0	64.11708040764177	('cusr', 'cadb')	False												cusr	cadb	iscr	4	0	1	86	0.29668107791247683	0.5989229608287013
186	125	136	(125, 186)	149.0	136.0	32.51153641401772	('cusr', 'asnb')	False												cusr	asnb	iscr	4	0	1	86	0.29668107791247683	0.5989229608287013
195	47	212	(47, 212)	151.33333333333334	195.0	90.75424691623711	('gadx', 'gntx')	False												gadx	gntx	iscr	4	0	1	86	0.29668107791247683	0.5989229608287013
132	42	282	(42, 282)	152.0	132.0	121.2435565298214	('gntr', 'isca')	False												gntr	isca	iscr	4	0	1	86	0.29668107791247683	0.5989229608287013
110	103	243	(103, 243)	152.0	110.0	78.88599368709251	('cusr', 'cyoe')	True	1046.0	('cusr', 'cyoe')	60.0	[(0, 0.14525427595799092, 0.099164969302058412), (10, 0.025727018696495997, 0.84529837548285969), (20, 0.26825933368650923, 0.043634013629315682), (30, 0.51761386795267106, 3.7908717778315403e-06), (60, 0.71200005481838191, 3.3740433482188106e-06), (90, 0.57083529944634415, 0.020922597785187087)]	['+']	cusr	cyoe	cusr	49.0	cyoe	49.0	cusr	cyoe	iscr	4	0	1	86	0.29668107791247683	0.5989229608287013
177	165	115	(115, 177)	152.33333333333334	165.0	32.88363321370273	('gntr', 'mdtf')	False												gntr	mdtf	iscr	4	0	1	86	0.29668107791247683	0.5989229608287013
95	117	249	(95, 249)	153.66666666666666	117.0	83.29065573840401	('cusr', 'nrdf')	False												cusr	nrdf	iscr	4	0	1	86	0.29668107791247683	0.5989229608287013
119	124	222	(119, 222)	155.0	124.0	58.077534382926416	('torr', 'hyae')	False												torr	hyae	iscr	4	0	1	86	0.29668107791247683	0.5989229608287013
106	191	170	(106, 191)	155.66666666666666	170.0	44.27565169857281	('gntr', 'cyoc')	False												gntr	cyoc	iscr	4	0	1	86	0.29668107791247683	0.5989229608287013
187	75	213	(75, 213)	158.33333333333334	187.0	73.33030296769088	('cusr', 'cyoc')	True	1044.0	('cusr', 'cyoc')	30.0	[(0, 0.11573039128469832, 0.18979166652452725), (10, 0.029605868027146157, 0.82232847734089154), (20, 0.27945900839723109, 0.035267768100457113), (30, 0.53941682512937172, 1.210891338419185e-06), (60, 0.67475073464584467, 1.6580803462868635e-05), (90, 0.46785608041889737, 0.067621519043030265)]	['+']	cusr	cyoc	cusr	49.0	cyoc	49.0	cusr	cyoc	iscr	4	0	1	86	0.29668107791247683	0.5989229608287013
19	55	402	(19, 402)	158.66666666666666	55.0	211.50019700542438	('torr', 'iscr')	False												torr	iscr	iscr	4	0	1	86	0.29668107791247683	0.5989229608287013
111	123	245	(111, 245)	159.66666666666666	123.0	74.14400402819727	('iscr', 'glnk')	False												iscr	glnk	iscr	4	0	1	86	0.29668107791247683	0.5989229608287013
150	287	44	(44, 287)	160.33333333333334	150.0	121.82911529405987	('iscr', 'edd')	False												iscr	edd	iscr	4	0	1	86	0.29668107791247683	0.5989229608287013
82	83	318	(82, 318)	161.0	83.0	135.96690773861116	('cusr', 'torr')	False												cusr	torr	iscr	4	0	1	86	0.29668107791247683	0.5989229608287013
76	74	333	(74, 333)	161.0	76.0	148.95972610071487	('gntr', 'napa')	False												gntr	napa	iscr	4	0	1	86	0.29668107791247683	0.5989229608287013
64	180	239	(64, 239)	161.0	180.0	89.03370148432559	('torr', 'idnr')	False												torr	idnr	iscr	4	0	1	86	0.29668107791247683	0.5989229608287013
144	45	295	(45, 295)	161.33333333333334	144.0	125.89810694896622	('torr', 'nrdf')	False												torr	nrdf	iscr	4	0	1	86	0.29668107791247683	0.5989229608287013
115	128	241	(115, 241)	161.33333333333334	128.0	69.29886963965093	('gadx', 'gadb')	True	1788.0	('gadx', 'gadb')	60.0	[(0, 0.30723539346524287, 0.00037713706104130091), (10, 0.021136811670520176, 0.87264572640069571), (20, -0.1009272065003433, 0.45505585214687883), (30, 0.059271155222719071, 0.62343010942009802), (60, 0.76966170035859482, 1.6473287807944116e-07), (90, 0.77946330856089852, 0.00037112775413833518)]	['+']	gadx	gadb	gadx	11.0	gadb	11.0	gadx	gadb	iscr	4	0	1	86	0.29668107791247683	0.5989229608287013
203	164	117	(117, 203)	161.33333333333334	164.0	43.06197084822446	('cusr', 'idno')	False												cusr	idno	iscr	4	0	1	86	0.29668107791247683	0.5989229608287013
78	23	385	(23, 385)	162.0	78.0	195.0717816599828	('cusr', 'slp')	False												cusr	slp	iscr	4	0	1	86	0.29668107791247683	0.5989229608287013
279	184	26	(26, 279)	163.0	184.0	127.80062597655773	('torr', 'gadw')	False												torr	gadw	iscr	4	0	1	86	0.29668107791247683	0.5989229608287013
166	217	108	(108, 217)	163.66666666666666	166.0	54.53744890745563	('cusr', 'cusa')	True	1037.0	('cusr', 'cusa')		[(0, -0.0090312175244135085, 0.91877312428033642), (10, -0.088188702826103083, 0.50282960022896606), (20, -0.026390334451096002, 0.84550067444995514), (30, 0.020507589774320868, 0.86520624816754765), (60, -0.16244555755707926, 0.36641089757690393), (90, 0.37877250968220216, 0.14796614715010842)]	['+']	cusr	cusa	cusr	49.0	cusa	49.0	cusr	cusa	iscr	4	0	1	86	0.29668107791247683	0.5989229608287013
143	308	48	(48, 308)	166.33333333333334	143.0	131.5611391457726	('gntr', 'ydiu')	False												gntr	ydiu	iscr	4	0	1	86	0.29668107791247683	0.5989229608287013
209	236	56	(56, 236)	167.0	209.0	97.07213812418061	('iscr', 'idnt')	False												iscr	idnt	iscr	4	0	1	86	0.29668107791247683	0.5989229608287013
190	107	205	(107, 205)	167.33333333333334	190.0	52.78573039499722	('iscr', 'btub')	False												iscr	btub	iscr	4	0	1	86	0.29668107791247683	0.5989229608287013
194	43	266	(43, 266)	167.66666666666666	194.0	113.80831838373386	('gadx', 'cusc')	False												gadx	cusc	iscr	4	0	1	86	0.29668107791247683	0.5989229608287013
88	122	297	(88, 297)	169.0	122.0	112.14722466472365	('gntr', 'cyob')	False												gntr	cyob	iscr	4	0	1	86	0.29668107791247683	0.5989229608287013
235	201	71	(71, 235)	169.0	201.0	86.55634003352961	('gntr', 'cusa')	False												gntr	cusa	iscr	4	0	1	86	0.29668107791247683	0.5989229608287013
151	194	163	(151, 194)	169.33333333333334	163.0	22.18858565419016	('gntr', 'cusc')	False												gntr	cusc	iscr	4	0	1	86	0.29668107791247683	0.5989229608287013
163	183	165	(163, 183)	170.33333333333334	165.0	11.015141094572202	('cusr', 'hyaa')	False												cusr	hyaa	iscr	4	0	1	86	0.29668107791247683	0.5989229608287013
100	27	387	(27, 387)	171.33333333333334	100.0	190.30589411085862	('gadx', 'cyoa')	False												gadx	cyoa	iscr	4	0	1	86	0.29668107791247683	0.5989229608287013
51	195	270	(51, 270)	172.0	195.0	111.29690022637648	('gadx', 'cyob')	False												gadx	cyob	iscr	4	0	1	86	0.29668107791247683	0.5989229608287013
154	267	96	(96, 267)	172.33333333333334	154.0	86.96167738339304	('gntr', 'gntx')	True	1843.0	('gntr', 'gntx')		[(0, 0.19763889287663999, 0.024199503032910744), (10, 0.1353704277220317, 0.30241261243198464), (20, 0.098884719406821933, 0.46427850784459801), (30, -0.17406312338127325, 0.14656933669391753), (60, -0.1467830239771199, 0.41500326031935464), (90, 0.012860337072234935, 0.96229802642433437)]	['-']	gntr	gntx	gntr	62.0	gntx	62.0	gntr	gntx	iscr	4	0	1	86	0.29668107791247683	0.5989229608287013
145	242	132	(132, 242)	173.0	145.0	60.108235708594876	('gntr', 'gady')	False												gntr	gady	iscr	4	0	1	86	0.29668107791247683	0.5989229608287013
316	96	110	(96, 316)	174.0	110.0	123.17467272130257	('iscr', 'napc')	True	1895.0	('iscr', 'napc')		[(0, -0.12720220626212494, 0.14924989669299424), (10, 0.50320840980812587, 4.1682393985659356e-05), (20, 0.49054878504018734, 0.00010714878293527798), (30, 0.27297139722600866, 0.021267592858700685), (60, -0.25631186176250625, 0.14992220863785555), (90, -0.5329560097723397, 0.033529777775269234)]	['-']	iscr	napc	iscr	3.0	napc	3.0	iscr	napc	iscr	4	0	1	86	0.29668107791247683	0.5989229608287013
97	210	216	(97, 216)	174.33333333333334	210.0	67.03978918025722	('cusr', 'ybas')	False												cusr	ybas	iscr	4	0	1	86	0.29668107791247683	0.5989229608287013
14	87	424	(14, 424)	175.0	87.0	218.7075673130676	('cusr', 'btub')	False												cusr	btub	iscr	4	0	1	86	0.29668107791247683	0.5989229608287013
174	116	237	(116, 237)	175.66666666666666	174.0	60.51721518157733	('gadx', 'hyae')	False												gadx	hyae	iscr	4	0	1	86	0.29668107791247683	0.5989229608287013
181	147	204	(147, 204)	177.33333333333334	181.0	28.676354952004157	('iscr', 'amtb')	False												iscr	amtb	iscr	4	0	1	86	0.29668107791247683	0.5989229608287013
277	211	46	(46, 277)	178.0	211.0	118.98319209031165	('torr', 'glnk')	False												torr	glnk	iscr	4	0	1	86	0.29668107791247683	0.5989229608287013
157	202	178	(157, 202)	179.0	178.0	22.516660498395403	('torr', 'gady')	False												torr	gady	iscr	4	0	1	86	0.29668107791247683	0.5989229608287013
244	140	154	(140, 244)	179.33333333333334	154.0	56.43875736879164	('gntr', 'iscs')	False												gntr	iscs	iscr	4	0	1	86	0.29668107791247683	0.5989229608287013
77	54	408	(54, 408)	179.66666666666666	77.0	198.07658451551848	('iscr', 'nrdi')	True	1903.0	('iscr', 'nrdi')		[(0, 0.2723636725205541, 0.0017190186534897843), (10, 0.23714784861979304, 0.068088732009804656), (20, 0.19942386092753611, 0.13695012092928283), (30, 0.16113418820655206, 0.17945601014021179), (60, -0.020606098560629824, 0.90937996329666726), (90, 0.040841746688711232, 0.88062536850074935)]	['+']	iscr	nrdi	iscr	3.0	nrdi	3.0	iscr	nrdi	iscr	4	0	1	86	0.29668107791247683	0.5989229608287013
180	59	305	(59, 305)	181.33333333333334	180.0	123.00541993478716	('cusr', 'cyod')	True	1045.0	('cusr', 'cyod')	30.0	[(0, 0.14991959534984489, 0.088666737225760142), (10, 0.050089620139770197, 0.70389386600476556), (20, 0.29554319992764289, 0.025615916347507144), (30, 0.54829215608002535, 7.4335917070460972e-07), (60, 0.67187848626770463, 1.8572699166836522e-05), (90, 0.47590920010222776, 0.062411071039614401)]	['+']	cusr	cyod	cusr	49.0	cyod	49.0	cusr	cyod	iscr	4	0	1	86	0.29668107791247683	0.5989229608287013
170	175	201	(170, 201)	182.0	175.0	16.64331697709324	('cusr', 'hyae')	False												cusr	hyae	iscr	4	0	1	86	0.29668107791247683	0.5989229608287013
211	241	102	(102, 241)	184.66666666666666	211.0	73.14597277590431	('gadx', 'torr')	False												gadx	torr	iscr	4	0	1	86	0.29668107791247683	0.5989229608287013
91	65	399	(65, 399)	185.0	91.0	185.78482176970218	('torr', 'slp')	False												torr	slp	iscr	4	0	1	86	0.29668107791247683	0.5989229608287013
296	167	93	(93, 296)	185.33333333333334	167.0	102.73428509184913	('gntr', 'idnk')	True	1845.0	('gntr', 'idnk')	10.0	[(0, 0.31618556444539003, 0.00024759907085881094), (10, 0.54584277682327143, 6.4622185789790955e-06), (20, 0.37975934886264134, 0.0035727607289444407), (30, 0.21922575593178287, 0.066231350566646988), (60, -0.54300004381733036, 0.0010938993822966199), (90, -0.20696021242444859, 0.44185046834006192)]	['-']	gntr	idnk	gntr	62.0	idnk	62.0	gntr	idnk	iscr	4	0	1	86	0.29668107791247683	0.5989229608287013
66	72	419	(66, 419)	185.66666666666666	72.0	202.09486221409324	('cusr', 'gade')	False												cusr	gade	iscr	4	0	1	86	0.29668107791247683	0.5989229608287013
112	239	207	(112, 239)	186.0	207.0	66.05300901548695	('cusr', 'hdea')	False												cusr	hdea	iscr	4	0	1	86	0.29668107791247683	0.5989229608287013
303	238	20	(20, 303)	187.0	238.0	148.2329248176666	('torr', 'gadx')	True	199.0	('torr', 'gadx')		[(0, 0.28237492368349837, 0.0011340084265249301), (10, 0.24074644266488363, 0.063890761354840092), (20, 0.24743871938606296, 0.063495491842320048), (30, 0.22799082113199726, 0.05584377667834426), (60, 0.30255489931375379, 0.087007084150493755), (90, -0.44174296173571037, 0.086701165318720227)]	['-']	torr	gadx	torr	11.0	gadx	11.0	torr	gadx	iscr	4	0	1	86	0.29668107791247683	0.5989229608287013
43	342	177	(43, 342)	187.33333333333334	177.0	149.76759774174565	('gadx', 'cyoc')	False												gadx	cyoc	iscr	4	0	1	86	0.29668107791247683	0.5989229608287013
94	222	248	(94, 248)	188.0	222.0	82.4378553820998	('torr', 'mdte')	False												torr	mdte	iscr	4	0	1	86	0.29668107791247683	0.5989229608287013
127	141	298	(127, 298)	188.66666666666666	141.0	94.94384305121281	('cusr', 'isca')	False												cusr	isca	iscr	4	0	1	86	0.29668107791247683	0.5989229608287013
81	121	365	(81, 365)	189.0	121.0	153.72703080460508	('gntr', 'ybas')	False												gntr	ybas	iscr	4	0	1	86	0.29668107791247683	0.5989229608287013
217	349	4	(4, 349)	190.0	217.0	174.0775689168481	('iscr', 'hns')	False												iscr	hns	iscr	4	0	1	86	0.29668107791247683	0.5989229608287013
63	88	420	(63, 420)	190.33333333333334	88.0	199.28957156191925	('iscr', 'nrde')	True	1900.0	('iscr', 'nrde')		[(0, 0.28476810683528464, 0.0010243186374395198), (10, 0.38901616912333636, 0.0021269744518253508), (20, 0.39651374691893754, 0.0022617136761689145), (30, 0.25273576853576057, 0.033466425846309669), (60, -0.067346396258156041, 0.70960878537610628), (90, -0.054556422613647959, 0.84095506524272623)]	['+']	iscr	nrde	iscr	3.0	nrde	3.0	iscr	nrde	iscr	4	0	1	86	0.29668107791247683	0.5989229608287013
343	93	137	(93, 343)	191.0	137.0	133.46160496562297	('iscr', 'ydiu')	True	1910.0	('iscr', 'ydiu')		[(0, -0.10537737831592883, 0.23278787145573246), (10, -0.065677688554168792, 0.61807934239506923), (20, -0.015855687161740618, 0.9068100984776557), (30, 0.14013632359763953, 0.24377108947772239), (60, 0.42803890161732988, 0.012955396644518204), (90, 0.21596454433133608, 0.42178306544441557)]	['+']	iscr	ydiu	iscr	3.0	ydiu	3.0	iscr	ydiu	iscr	4	0	1	86	0.29668107791247683	0.5989229608287013
85	67	421	(67, 421)	191.0	85.0	199.38906690187403	('gadx', 'btub')	True	1784.0	('gadx', 'btub')		[(0, -0.33341899472430614, 0.00010602757150718766), (10, -0.28104075663623124, 0.029616207916412673), (20, -0.060804257159721486, 0.65320958325494649), (30, 0.15020421398455142, 0.21119536538449929), (60, -0.45449925980424177, 0.0078799664577408075), (90, -0.23949139788434148, 0.37166474255147874)]	['-']	gadx	btub	gadx	11.0	btub	11.0	gadx	btub	iscr	4	0	1	86	0.29668107791247683	0.5989229608287013
288	177	111	(111, 288)	192.0	177.0	89.44830909525345	('iscr', 'gntk')	False												iscr	gntk	iscr	4	0	1	86	0.29668107791247683	0.5989229608287013
253	185	139	(139, 253)	192.33333333333334	185.0	57.352709904008314	('gntr', 'glnk')	False												gntr	glnk	iscr	4	0	1	86	0.29668107791247683	0.5989229608287013
324	143	112	(112, 324)	193.0	143.0	114.50327506233174	('cusr', 'gadc')	False												cusr	gadc	iscr	4	0	1	86	0.29668107791247683	0.5989229608287013
328	228	24	(24, 328)	193.33333333333334	228.0	154.93654615142722	('gadx', 'eda')	False												gadx	eda	iscr	4	0	1	86	0.29668107791247683	0.5989229608287013
57	145	378	(57, 378)	193.33333333333334	145.0	165.86842174848513	('iscr', 'tord')	False												iscr	tord	iscr	4	0	1	86	0.29668107791247683	0.5989229608287013
69	196	317	(69, 317)	194.0	196.0	124.01209618420293	('gntr', 'napd')	False												gntr	napd	iscr	4	0	1	86	0.29668107791247683	0.5989229608287013
260	135	188	(135, 260)	194.33333333333334	188.0	62.740205078827515	('gntr', 'tord')	False												gntr	tord	iscr	4	0	1	86	0.29668107791247683	0.5989229608287013
161	172	250	(161, 250)	194.33333333333334	172.0	48.52147290976783	('iscr', 'gntr')	False												iscr	gntr	iscr	4	0	1	86	0.29668107791247683	0.5989229608287013
413	139	31	(31, 413)	194.33333333333334	139.0	196.91961134771043	('iscr', 'hdea')	False												iscr	hdea	iscr	4	0	1	86	0.29668107791247683	0.5989229608287013
169	166	251	(166, 251)	195.33333333333334	169.0	48.232077845903895	('cusr', 'hyaf')	False												cusr	hyaf	iscr	4	0	1	86	0.29668107791247683	0.5989229608287013
266	162	159	(159, 266)	195.66666666666666	162.0	60.92892033618627	('iscr', 'gntt')	False												iscr	gntt	iscr	4	0	1	86	0.29668107791247683	0.5989229608287013
319	97	172	(97, 319)	196.0	172.0	112.92918134831227	('gntr', 'amtb')	False												gntr	amtb	iscr	4	0	1	86	0.29668107791247683	0.5989229608287013
213	204	174	(174, 213)	197.0	204.0	20.42057785666214	('gntr', 'btub')	False												gntr	btub	iscr	4	0	1	86	0.29668107791247683	0.5989229608287013
345	208	40	(40, 345)	197.66666666666666	208.0	152.76234265463899	('iscr', 'sufs')	True	1909.0	('iscr', 'sufs')	60.0	[(0, 0.15228791436946429, 0.083686912047645751), (10, 0.35881742563830821, 0.0048726703253862249), (20, 0.26780417717488986, 0.044005807002128243), (30, 0.13093932244652909, 0.27640766521150023), (60, -0.69470478695175375, 7.2762356882990126e-06), (90, -0.52398462533865686, 0.03721769213439572)]	['+']	iscr	sufs	iscr	3.0	sufs	3.0	iscr	sufs	iscr	4	0	1	86	0.29668107791247683	0.5989229608287013
189	144	263	(144, 263)	198.66666666666666	189.0	60.08604940694082	('cusr', 'sufe')	False												cusr	sufe	iscr	4	0	1	86	0.29668107791247683	0.5989229608287013
310	151	142	(142, 310)	201.0	151.0	94.50396817065408	('gntr', 'nrdf')	False												gntr	nrdf	iscr	4	0	1	86	0.29668107791247683	0.5989229608287013
36	153	416	(36, 416)	201.66666666666666	153.0	194.61843009677509	('gadx', 'cyod')	False												gadx	cyod	iscr	4	0	1	86	0.29668107791247683	0.5989229608287013
282	91	233	(91, 282)	202.0	233.0	99.20181449953424	('torr', 'gntk')	False												torr	gntk	iscr	4	0	1	86	0.29668107791247683	0.5989229608287013
38	377	191	(38, 377)	202.0	191.0	169.76748805351394	('gadx', 'cusa')	False												gadx	cusa	iscr	4	0	1	86	0.29668107791247683	0.5989229608287013
192	33	382	(33, 382)	202.33333333333334	192.0	174.72931446478387	('torr', 'hded')	False												torr	hded	iscr	4	0	1	86	0.29668107791247683	0.5989229608287013
306	160	141	(141, 306)	202.33333333333334	160.0	90.27919657004782	('iscr', 'naph')	True	1899.0	('iscr', 'naph')	20.0	[(0, -0.11795114650780034, 0.18137552955427763), (10, 0.41403031361278853, 0.0010071550721443888), (20, 0.57282356898119591, 3.2190401008253533e-06), (30, 0.28801243828747558, 0.014866693955532322), (60, 0.062714951250549641, 0.72880157446636407), (90, -0.16175920397819907, 0.54949690521208461)]	['-']	iscr	naph	iscr	3.0	naph	3.0	iscr	naph	iscr	4	0	1	86	0.29668107791247683	0.5989229608287013
104	134	370	(104, 370)	202.66666666666666	134.0	145.68916683588157	('cusr', 'ydiu')	False												cusr	ydiu	iscr	4	0	1	86	0.29668107791247683	0.5989229608287013
376	193	39	(39, 376)	202.66666666666666	193.0	168.7078342381685	('gntr', 'iscr')	False												gntr	iscr	iscr	4	0	1	86	0.29668107791247683	0.5989229608287013
272	289	50	(50, 289)	203.66666666666666	272.0	133.35041557240584	('torr', 'btub')	False												torr	btub	iscr	4	0	1	86	0.29668107791247683	0.5989229608287013
148	223	244	(148, 244)	205.0	223.0	50.46781152378217	('torr', 'lon')	False												torr	lon	iscr	4	0	1	86	0.29668107791247683	0.5989229608287013
294	192	131	(131, 294)	205.66666666666666	192.0	82.3549229453427	('gadx', 'idno')	False												gadx	idno	iscr	4	0	1	86	0.29668107791247683	0.5989229608287013
92	224	301	(92, 301)	205.66666666666666	224.0	105.69925890626355	('cusr', 'hdeb')	False												cusr	hdeb	iscr	4	0	1	86	0.29668107791247683	0.5989229608287013
114	150	354	(114, 354)	206.0	150.0	129.4295174989075	('gadx', 'cusr')	False												gadx	cusr	iscr	4	0	1	86	0.29668107791247683	0.5989229608287013
372	229	21	(21, 372)	207.33333333333334	229.0	176.50023607160793	('gntr', 'eda')	True	1838.0	('gntr', 'eda')		[(0, 0.29369517419018032, 0.00069533944927589123), (10, 0.37520908902973071, 0.0031372046246045493), (20, 0.31263196807027183, 0.017898413609728242), (30, 0.086635367812935848, 0.47251227310518484), (60, -0.37109471689283907, 0.033489921408823321), (90, -0.3689998204176802, 0.15957819555076355)]	['-']	gntr	eda	gntr	62.0	eda	62.0	gntr	eda	iscr	4	0	1	86	0.29668107791247683	0.5989229608287013
254	86	283	(86, 283)	207.66666666666666	254.0	106.35945342720287	('cusr', 'yedx')	True	1047.0	('cusr', 'yedx')		[(0, 0.11211012955584067, 0.20411523334493981), (10, 0.25701150272287532, 0.047438795680568697), (20, 0.21436078210487655, 0.10933082945498615), (30, 0.019553205785630325, 0.87142459267477257), (60, -0.32214080248785631, 0.067506481657304274), (90, -0.60073440771984576, 0.013859728926867643)]	['+']	cusr	yedx	cusr	49.0	yedx	49.0	cusr	yedx	iscr	4	0	1	86	0.29668107791247683	0.5989229608287013
62	240	323	(62, 323)	208.33333333333334	240.0	133.3504155724058	('gntr', 'napb')	False												gntr	napb	iscr	4	0	1	86	0.29668107791247683	0.5989229608287013
140	118	368	(118, 368)	208.66666666666666	140.0	138.4244679720075	('iscr', 'lon')	False												iscr	lon	iscr	4	0	1	86	0.29668107791247683	0.5989229608287013
96	119	412	(96, 412)	209.0	119.0	176.17888636269672	('torr', 'hyab')	False												torr	hyab	iscr	4	0	1	86	0.29668107791247683	0.5989229608287013
50	366	211	(50, 366)	209.0	211.0	158.00949338568236	('torr', 'mdtf')	False												torr	mdtf	iscr	4	0	1	86	0.29668107791247683	0.5989229608287013
113	243	275	(113, 275)	210.33333333333334	243.0	85.79821287960102	('gadx', 'gada')	True	1787.0	('gadx', 'gada')	60.0	[(0, 0.30725375477774269, 0.00037681671604692339), (10, 0.014146174033870106, 0.91456996194839402), (20, -0.040005486408248005, 0.76764125908813097), (30, 0.11403605776832219, 0.34367806752409802), (60, 0.83207709730924373, 1.957723944474674e-09), (90, 0.85324784647794383, 2.6424689104399831e-05)]	['+']	gadx	gada	gadx	11.0	gada	11.0	gadx	gada	iscr	4	0	1	86	0.29668107791247683	0.5989229608287013
347	262	29	(29, 347)	212.66666666666666	262.0	164.6400113378681	('gntr', 'tnac')	False												gntr	tnac	iscr	4	0	1	86	0.29668107791247683	0.5989229608287013
99	227	312	(99, 312)	212.66666666666666	227.0	107.22095566321602	('torr', 'cada')	False												torr	cada	iscr	4	0	1	86	0.29668107791247683	0.5989229608287013
233	142	264	(142, 264)	213.0	233.0	63.41135544995076	('cusr', 'idnr')	False												cusr	idnr	iscr	4	0	1	86	0.29668107791247683	0.5989229608287013
133	359	151	(133, 359)	214.33333333333334	151.0	125.60785538067805	('iscr', 'nrdh')	True	1902.0	('iscr', 'nrdh')		[(0, 0.1606970288730013, 0.067786888565178324), (10, 0.068550565971870661, 0.60276156544467041), (20, 0.069137525171184738, 0.60933364691652958), (30, 0.10988143398675043, 0.36165849366554825), (60, -0.0098445400760992108, 0.95663781375412149), (90, 0.1032648549788059, 0.70352011326450481)]	['+']	iscr	nrdh	iscr	3.0	nrdh	3.0	iscr	nrdh	iscr	4	0	1	86	0.29668107791247683	0.5989229608287013
390	101	153	(101, 390)	214.66666666666666	153.0	154.05302117561126	('gadx', 'iscr')	False												gadx	iscr	iscr	4	0	1	86	0.29668107791247683	0.5989229608287013
212	312	122	(122, 312)	215.33333333333334	212.0	95.04384952922169	('gntr', 'cusr')	False												gntr	cusr	iscr	4	0	1	86	0.29668107791247683	0.5989229608287013
267	324	57	(57, 324)	216.0	267.0	140.61649974309557	('iscr', 'slp')	False												iscr	slp	iscr	4	0	1	86	0.29668107791247683	0.5989229608287013
175	346	128	(128, 346)	216.33333333333334	175.0	114.72721269748224	('gadx', 'hyac')	False												gadx	hyac	iscr	4	0	1	86	0.29668107791247683	0.5989229608287013
204	161	285	(161, 285)	216.66666666666666	204.0	62.96295206971584	('gntr', 'napg')	False												gntr	napg	iscr	4	0	1	86	0.29668107791247683	0.5989229608287013
136	282	234	(136, 282)	217.33333333333334	234.0	74.41326046702518	('iscr', 'idnr')	False												iscr	idnr	iscr	4	0	1	86	0.29668107791247683	0.5989229608287013
74	179	400	(74, 400)	217.66666666666666	179.0	166.40412655139696	('gadx', 'sufe')	False												gadx	sufe	iscr	4	0	1	86	0.29668107791247683	0.5989229608287013
273	374	15	(15, 374)	220.66666666666666	273.0	185.13328531988333	('gadx', 'lon')	True	1795.0	('gadx', 'lon')	30.0	[(0, -0.2383671807551169, 0.0063135313130488341), (10, -0.25784558311669403, 0.046698856376848411), (20, -0.50391534146683292, 6.4378192744732405e-05), (30, -0.54517074629341455, 8.8393275123866564e-07), (60, -0.35871491600413119, 0.040364908352032887), (90, -0.42633547887373807, 0.099617971854085927)]	['+']	gadx	lon	gadx	11.0	lon	11.0	gadx	lon	iscr	4	0	1	86	0.29668107791247683	0.5989229608287013
251	214	198	(198, 251)	221.0	214.0	27.184554438136374	('cusr', 'tord')	False												cusr	tord	iscr	4	0	1	86	0.29668107791247683	0.5989229608287013
245	260	158	(158, 260)	221.0	245.0	55.072679252057455	('cusr', 'gntt')	False												cusr	gntt	iscr	4	0	1	86	0.29668107791247683	0.5989229608287013
156	212	296	(156, 296)	221.33333333333334	212.0	70.46512139586032	('gadx', 'yhid')	True	1804.0	('gadx', 'yhid')	60.0	[(0, 0.33311304655866542, 0.00010768380038459026), (10, 0.14620169194431792, 0.26499922452577651), (20, 0.10112577336844433, 0.45416462629753385), (30, 0.26794480644137708, 0.02387408105238089), (60, 0.81000476646950537, 1.1276090442912684e-08), (90, 0.84792116806988393, 3.3415050368549803e-05)]	['+-']	gadx	yhid	gadx	11.0	yhid	11.0	gadx	yhid	iscr	4	0	1	86	0.29668107791247683	0.5989229608287013
219	231	223	(219, 231)	224.33333333333334	223.0	6.110100926607787	('torr', 'hyad')	False												torr	hyad	iscr	4	0	1	86	0.29668107791247683	0.5989229608287013
101	299	276	(101, 299)	225.33333333333334	276.0	108.28819572480342	('gadx', 'hyaa')	False												gadx	hyaa	iscr	4	0	1	86	0.29668107791247683	0.5989229608287013
168	306	208	(168, 306)	227.33333333333334	208.0	71.00234737903622	('gntr', 'gadc')	False												gntr	gadc	iscr	4	0	1	86	0.29668107791247683	0.5989229608287013
137	288	257	(137, 288)	227.33333333333334	257.0	79.75169799655261	('gntr', 'yhid')	False												gntr	yhid	iscr	4	0	1	86	0.29668107791247683	0.5989229608287013
191	389	103	(103, 389)	227.66666666666666	191.0	146.48321860654664	('gntr', 'lon')	False												gntr	lon	iscr	4	0	1	86	0.29668107791247683	0.5989229608287013
79	251	357	(79, 357)	229.0	251.0	140.29967925836468	('torr', 'yhid')	True	2770.0	('torr', 'yhid')	10.0	[(0, 0.3720060607875329, 1.3124707494953724e-05), (10, 0.74229837528481624, 1.1402759046661609e-11), (20, 0.6193827167159407, 2.7981185285876569e-07), (30, 0.54437269714683145, 9.2369614797686991e-07), (60, 0.5669696764029597, 0.00058100901447364261), (90, -0.28714400379740679, 0.28089026451484556)]	['+']	torr	yhid	torr	11.0	yhid	11.0	torr	yhid	iscr	4	0	1	86	0.29668107791247683	0.5989229608287013
362	136	192	(136, 362)	230.0	192.0	117.69451983843598	('gadx', 'naph')	False												gadx	naph	iscr	4	0	1	86	0.29668107791247683	0.5989229608287013
341	255	94	(94, 341)	230.0	255.0	125.38341198101126	('torr', 'asnb')	False												torr	asnb	iscr	4	0	1	86	0.29668107791247683	0.5989229608287013
252	380	60	(60, 380)	230.66666666666666	252.0	161.06313461910935	('cusr', 'mdtf')	False												cusr	mdtf	iscr	4	0	1	86	0.29668107791247683	0.5989229608287013
130	234	329	(130, 329)	231.0	234.0	99.53391381835641	('torr', 'isca')	False												torr	isca	iscr	4	0	1	86	0.29668107791247683	0.5989229608287013
141	216	338	(141, 338)	231.66666666666666	216.0	99.43004240838546	('gntr', 'hyaf')	False												gntr	hyaf	iscr	4	0	1	86	0.29668107791247683	0.5989229608287013
276	38	383	(38, 383)	232.33333333333334	276.0	176.5965269571668	('torr', 'gntr')	False												torr	gntr	iscr	4	0	1	86	0.29668107791247683	0.5989229608287013
206	113	381	(113, 381)	233.33333333333334	206.0	136.07473436804253	('cusr', 'hyab')	False												cusr	hyab	iscr	4	0	1	86	0.29668107791247683	0.5989229608287013
284	297	119	(119, 297)	233.33333333333334	284.0	99.22869208718481	('gadx', 'idnk')	False												gadx	idnk	iscr	4	0	1	86	0.29668107791247683	0.5989229608287013
165	158	377	(158, 377)	233.33333333333334	165.0	124.46820209729606	('torr', 'idnt')	False												torr	idnt	iscr	4	0	1	86	0.29668107791247683	0.5989229608287013
164	265	272	(164, 272)	233.66666666666666	265.0	60.43453758682475	('gadx', 'nrdi')	False												gadx	nrdi	iscr	4	0	1	86	0.29668107791247683	0.5989229608287013
196	323	185	(185, 323)	234.66666666666666	196.0	76.69637105713238	('gntr', 'gntu')	True	1842.0	('gntr', 'gntu')	10.0	[(0, 0.21899803841588344, 0.012303731791487549), (10, 0.58528134360362138, 9.0359174576179659e-07), (20, 0.47677259186692833, 0.00017727484643620276), (30, 0.18849139600678935, 0.11543842402598699), (60, -0.24184826096911616, 0.17510792012493739), (90, -0.70512550608441671, 0.0022815341407513767)]	['-']	gntr	gntu	gntr	62.0	gntu	62.0	gntr	gntu	iscr	4	0	1	86	0.29668107791247683	0.5989229608287013
262	137	306	(137, 306)	235.0	262.0	87.67553820764375	('iscr', 'gntx')	False												iscr	gntx	iscr	4	0	1	86	0.29668107791247683	0.5989229608287013
394	112	199	(112, 394)	235.0	199.0	144.4056785587049	('torr', 'napc')	False												torr	napc	iscr	4	0	1	86	0.29668107791247683	0.5989229608287013
297	339	70	(70, 339)	235.33333333333334	297.0	144.71466177735184	('gadx', 'napd')	False												gadx	napd	iscr	4	0	1	86	0.29668107791247683	0.5989229608287013
207	276	224	(207, 276)	235.66666666666666	224.0	35.94903800289144	('gntr', 'hdeb')	False												gntr	hdeb	iscr	4	0	1	86	0.29668107791247683	0.5989229608287013
280	309	118	(118, 309)	235.66666666666666	280.0	102.92877796483029	('torr', 'nrdh')	False												torr	nrdh	iscr	4	0	1	86	0.29668107791247683	0.5989229608287013
221	411	77	(77, 411)	236.33333333333334	221.0	167.5271122336123	('gntr', 'hns')	False												gntr	hns	iscr	4	0	1	86	0.29668107791247683	0.5989229608287013
214	181	314	(181, 314)	236.33333333333334	214.0	69.25556536000073	('iscr', 'napb')	True	1894.0	('iscr', 'napb')		[(0, -0.17966174684036804, 0.040820495541864212), (10, 0.34198287015775208, 0.0074858022697275161), (20, 0.44901936265506787, 0.00045923517435293471), (30, 0.11226323073741892, 0.35128111005906626), (60, -0.03787722401614696, 0.8342350118401558), (90, -0.33758873748328949, 0.20098161375835361)]	['-']	iscr	napb	iscr	3.0	napb	3.0	iscr	napb	iscr	4	0	1	86	0.29668107791247683	0.5989229608287013
225	388	98	(98, 388)	237.0	225.0	145.37193676910272	('torr', 'idnk')	False												torr	idnk	iscr	4	0	1	86	0.29668107791247683	0.5989229608287013
264	364	84	(84, 364)	237.33333333333334	264.0	141.89197769195175	('cusr', 'sufc')	False												cusr	sufc	iscr	4	0	1	86	0.29668107791247683	0.5989229608287013
384	263	67	(67, 384)	238.0	263.0	159.97187252764155	('iscr', 'gntu')	False												iscr	gntu	iscr	4	0	1	86	0.29668107791247683	0.5989229608287013
331	379	7	(7, 379)	239.0	331.0	202.34623791906782	('cusr', 'napd')	False												cusr	napd	iscr	4	0	1	86	0.29668107791247683	0.5989229608287013
261	156	304	(156, 304)	240.33333333333334	261.0	76.13365440679524	('iscr', 'asnb')	False												iscr	asnb	iscr	4	0	1	86	0.29668107791247683	0.5989229608287013
382	53	287	(53, 382)	240.66666666666666	287.0	169.3231624242039	('iscr', 'gade')	False												iscr	gade	iscr	4	0	1	86	0.29668107791247683	0.5989229608287013
247	294	181	(181, 294)	240.66666666666666	247.0	56.7655999116836	('iscr', 'mdtf')	False												iscr	mdtf	iscr	4	0	1	86	0.29668107791247683	0.5989229608287013
131	259	334	(131, 334)	241.33333333333334	259.0	102.64664306899341	('torr', 'gntx')	False												torr	gntx	iscr	4	0	1	86	0.29668107791247683	0.5989229608287013
259	305	162	(162, 305)	242.0	259.0	73.0	('cusr', 'cada')	False												cusr	cada	iscr	4	0	1	86	0.29668107791247683	0.5989229608287013
271	319	138	(138, 319)	242.66666666666666	271.0	93.76744282176695	('torr', 'gada')	True	2761.0	('torr', 'gada')	10.0	[(0, 0.44175667977343303, 1.4297377782087785e-07), (10, 0.79438351999394774, 3.600886809615072e-14), (20, 0.66173025953663855, 2.0890783673690042e-08), (30, 0.56406298146898781, 3.0146755345388433e-07), (60, 0.63862824781940497, 6.3503412062833472e-05), (90, -0.29669921835203322, 0.26446927394602321)]	['-']	torr	gada	torr	11.0	gada	11.0	torr	gada	iscr	4	0	1	86	0.29668107791247683	0.5989229608287013
198	200	330	(198, 330)	242.66666666666666	200.0	75.63949585589089	('gadx', 'napb')	False												gadx	napb	iscr	4	0	1	86	0.29668107791247683	0.5989229608287013
109	248	373	(109, 373)	243.33333333333334	248.0	132.0618541946664	('gntr', 'cyoe')	False												gntr	cyoe	iscr	4	0	1	86	0.29668107791247683	0.5989229608287013
301	152	279	(152, 301)	244.0	279.0	80.43009387039157	('iscr', 'sufe')	True	1908.0	('iscr', 'sufe')		[(0, 0.21020296455536147, 0.016376353169796166), (10, 0.31265695704635643, 0.015007373376451923), (20, 0.1865459887873156, 0.1647051794678476), (30, 0.13666381628901794, 0.25576766710715843), (60, -0.55754613766877159, 0.00074935203565478848), (90, -0.41175777807460257, 0.11304053029966867)]	['+']	iscr	sufe	iscr	3.0	sufe	3.0	iscr	sufe	iscr	4	0	1	86	0.29668107791247683	0.5989229608287013
134	322	278	(134, 322)	244.66666666666666	278.0	98.3327683599589	('gadx', 'napg')	False												gadx	napg	iscr	4	0	1	86	0.29668107791247683	0.5989229608287013
399	264	73	(73, 399)	245.33333333333334	264.0	163.79967439935078	('torr', 'napa')	False												torr	napa	iscr	4	0	1	86	0.29668107791247683	0.5989229608287013
311	271	156	(156, 311)	246.0	271.0	80.46738469715541	('gntr', 'edd')	True	1839.0	('gntr', 'edd')		[(0, 0.26994234821085289, 0.001896614002726008), (10, 0.25242061975133762, 0.051685218950672837), (20, 0.11683726499320163, 0.38674844026264732), (30, 0.1112959427257498, 0.35547308004767231), (60, -0.24029763071514265, 0.17797599023598987), (90, 0.060971017818857921, 0.82251735849300689)]	['-']	gntr	edd	gntr	62.0	edd	62.0	gntr	edd	iscr	4	0	1	86	0.29668107791247683	0.5989229608287013
292	104	348	(104, 348)	248.0	292.0	127.81236246936366	('torr', 'idnd')	False												torr	idnd	iscr	4	0	1	86	0.29668107791247683	0.5989229608287013
120	279	346	(120, 346)	248.33333333333334	279.0	116.07899609030625	('cusr', 'mdte')	False												cusr	mdte	iscr	4	0	1	86	0.29668107791247683	0.5989229608287013
375	277	95	(95, 375)	249.0	277.0	142.08448191129108	('iscr', 'cyoa')	False												iscr	cyoa	iscr	4	0	1	86	0.29668107791247683	0.5989229608287013
176	318	253	(176, 318)	249.0	253.0	71.08445681019164	('gntr', 'gadb')	False												gntr	gadb	iscr	4	0	1	86	0.29668107791247683	0.5989229608287013
178	303	267	(178, 303)	249.33333333333334	267.0	64.34542200757824	('cusr', 'gadb')	False												cusr	gadb	iscr	4	0	1	86	0.29668107791247683	0.5989229608287013
361	36	355	(36, 361)	250.66666666666666	355.0	185.93099078242264	('torr', 'gadc')	False												torr	gadc	iscr	4	0	1	86	0.29668107791247683	0.5989229608287013
241	320	193	(193, 320)	251.33333333333334	241.0	64.12747721011122	('cusr', 'hyad')	False												cusr	hyad	iscr	4	0	1	86	0.29668107791247683	0.5989229608287013
389	314	51	(51, 389)	251.33333333333334	314.0	177.50023474162882	('iscr', 'cusf')	False												iscr	cusf	iscr	4	0	1	86	0.29668107791247683	0.5989229608287013
210	315	230	(210, 315)	251.66666666666666	230.0	55.752428945592435	('gadx', 'nrde')	False												gadx	nrde	iscr	4	0	1	86	0.29668107791247683	0.5989229608287013
300	268	189	(189, 300)	252.33333333333334	268.0	57.13434460404122	('torr', 'gntt')	False												torr	gntt	iscr	4	0	1	86	0.29668107791247683	0.5989229608287013
188	348	232	(188, 348)	256.0	232.0	82.6559132790873	('gntr', 'cada')	False												gntr	cada	iscr	4	0	1	86	0.29668107791247683	0.5989229608287013
199	286	290	(199, 290)	258.3333333333333	286.0	51.42308171758411	('torr', 'ydiu')	False												torr	ydiu	iscr	4	0	1	86	0.29668107791247683	0.5989229608287013
325	95	362	(95, 362)	260.6666666666667	325.0	144.6593700156797	('gntr', 'idnr')	True	130.0	('gntr', 'idnr')		[(0, -0.1776581307888796, 0.043159154239799012), (10, -0.059015078387530659, 0.65422291715503789), (20, -0.14698667832075366, 0.27523820171446473), (30, -0.10664887381578123, 0.37603969786382629), (60, -0.20777859174148774, 0.24593041386512382), (90, -0.2527593501139157, 0.34492174928651209)]	['-']	gntr	idnr	gntr	62.0	idnr	62.0	gntr	idnr	iscr	4	0	1	86	0.29668107791247683	0.5989229608287013
366	149	269	(149, 366)	261.3333333333333	269.0	108.70295917468546	('gadx', 'idnd')	False												gadx	idnd	iscr	4	0	1	86	0.29668107791247683	0.5989229608287013
139	233	414	(139, 414)	262.0	233.0	139.77481890526633	('gntr', 'cadb')	False												gntr	cadb	iscr	4	0	1	86	0.29668107791247683	0.5989229608287013
314	79	396	(79, 396)	263.0	314.0	164.53874923555242	('iscr', 'cusc')	False												iscr	cusc	iscr	4	0	1	86	0.29668107791247683	0.5989229608287013
295	257	238	(238, 295)	263.3333333333333	257.0	29.022979401386987	('cusr', 'hded')	False												cusr	hded	iscr	4	0	1	86	0.29668107791247683	0.5989229608287013
256	232	302	(232, 302)	263.3333333333333	256.0	35.5715241918776	('cusr', 'amtb')	False												cusr	amtb	iscr	4	0	1	86	0.29668107791247683	0.5989229608287013
334	273	183	(183, 334)	263.3333333333333	273.0	75.96271015000276	('gntr', 'cusf')	False												gntr	cusf	iscr	4	0	1	86	0.29668107791247683	0.5989229608287013
335	281	175	(175, 335)	263.6666666666667	281.0	81.39615060513202	('cusr', 'tora')	False												cusr	tora	iscr	4	0	1	86	0.29668107791247683	0.5989229608287013
415	209	167	(167, 415)	263.6666666666667	209.0	132.73030299571133	('iscr', 'uspe')	False												iscr	uspe	iscr	4	0	1	86	0.29668107791247683	0.5989229608287013
377	73	342	(73, 377)	264.0	342.0	166.33400133466398	('gadx', 'iscu')	False												gadx	iscu	iscr	4	0	1	86	0.29668107791247683	0.5989229608287013
383	390	23	(23, 390)	265.3333333333333	383.0	209.89600599662046	('iscr', 'mdte')	False												iscr	mdte	iscr	4	0	1	86	0.29668107791247683	0.5989229608287013
340	336	121	(121, 340)	265.6666666666667	336.0	125.30097099916398	('iscr', 'cusb')	False												iscr	cusb	iscr	4	0	1	86	0.29668107791247683	0.5989229608287013
333	340	127	(127, 340)	266.6666666666667	333.0	121.00550951644033	('cusr', 'gntu')	False												cusr	gntu	iscr	4	0	1	86	0.29668107791247683	0.5989229608287013
322	188	291	(188, 322)	267.0	291.0	70.14983962918234	('torr', 'hyac')	False												torr	hyac	iscr	4	0	1	86	0.29668107791247683	0.5989229608287013
275	220	308	(220, 308)	267.6666666666667	275.0	44.45597072760118	('iscr', 'cusa')	False												iscr	cusa	iscr	4	0	1	86	0.29668107791247683	0.5989229608287013
193	247	366	(193, 366)	268.6666666666667	247.0	88.51176946222085	('iscr', 'napd')	True	1896.0	('iscr', 'napd')		[(0, -0.13289545607925543, 0.1317335444602632), (10, 0.51622879984604519, 2.421931292796024e-05), (20, 0.48826886116069229, 0.00011663248884564635), (30, 0.17615840153646942, 0.14169481064628037), (60, 0.041787802938711059, 0.81739458342360305), (90, -0.33138428684884258, 0.20991029781779758)]	['-']	iscr	napd	iscr	3.0	napd	3.0	iscr	napd	iscr	4	0	1	86	0.29668107791247683	0.5989229608287013
309	258	240	(240, 309)	269.0	258.0	35.79106033634656	('gntr', 'ybat')	False												gntr	ybat	iscr	4	0	1	86	0.29668107791247683	0.5989229608287013
329	334	145	(145, 334)	269.3333333333333	329.0	107.7048435927249	('iscr', 'muri')	False												iscr	muri	iscr	4	0	1	86	0.29668107791247683	0.5989229608287013
354	382	74	(74, 382)	270.0	354.0	170.31735084835015	('cusr', 'napa')	False												cusr	napa	iscr	4	0	1	86	0.29668107791247683	0.5989229608287013
239	197	375	(197, 375)	270.3333333333333	239.0	93.04479208066044	('cusr', 'lon')	False												cusr	lon	iscr	4	0	1	86	0.29668107791247683	0.5989229608287013
407	138	268	(138, 407)	271.0	268.0	134.52509059651288	('iscr', 'hdeb')	False												iscr	hdeb	iscr	4	0	1	86	0.29668107791247683	0.5989229608287013
226	221	369	(221, 369)	272.0	226.0	84.04165633779478	('torr', 'nrdi')	False												torr	nrdi	iscr	4	0	1	86	0.29668107791247683	0.5989229608287013
336	395	87	(87, 395)	272.6666666666667	336.0	163.47578821750128	('iscr', 'rpos')	False												iscr	rpos	iscr	4	0	1	86	0.29668107791247683	0.5989229608287013
420	250	149	(149, 420)	273.0	250.0	136.95619737711763	('gadx', 'iscs')	False												gadx	iscs	iscr	4	0	1	86	0.29668107791247683	0.5989229608287013
358	369	92	(92, 369)	273.0	358.0	156.84705926475002	('torr', 'yedx')	False												torr	yedx	iscr	4	0	1	86	0.29668107791247683	0.5989229608287013
403	408	8	(8, 408)	273.0	403.0	229.51034835057	('gntr', 'rpos')	False												gntr	rpos	iscr	4	0	1	86	0.29668107791247683	0.5989229608287013
216	298	307	(216, 307)	273.6666666666667	298.0	50.143128475727686	('cusr', 'hyac')	False												cusr	hyac	iscr	4	0	1	86	0.29668107791247683	0.5989229608287013
291	207	324	(207, 324)	274.0	291.0	60.32412452742269	('gadx', 'torc')	False												gadx	torc	iscr	4	0	1	86	0.29668107791247683	0.5989229608287013
339	284	200	(200, 339)	274.3333333333333	284.0	70.00238091188994	('iscr', 'idno')	False												iscr	idno	iscr	4	0	1	86	0.29668107791247683	0.5989229608287013
337	261	227	(227, 337)	275.0	261.0	56.32051136131489	('gadx', 'napa')	False												gadx	napa	iscr	4	0	1	86	0.29668107791247683	0.5989229608287013
240	327	260	(240, 327)	275.6666666666667	260.0	45.566800780100124	('gadx', 'edd')	False												gadx	edd	iscr	4	0	1	86	0.29668107791247683	0.5989229608287013
289	356	182	(182, 356)	275.6666666666667	289.0	87.76293826743344	('cusr', 'glnk')	False												cusr	glnk	iscr	4	0	1	86	0.29668107791247683	0.5989229608287013
160	291	379	(160, 379)	276.6666666666667	291.0	110.20133090545383	('gadx', 'hyab')	False												gadx	hyab	iscr	4	0	1	86	0.29668107791247683	0.5989229608287013
227	310	293	(227, 310)	276.6666666666667	293.0	43.84442191811102	('gadx', 'tord')	False												gadx	tord	iscr	4	0	1	86	0.29668107791247683	0.5989229608287013
117	311	403	(117, 403)	277.0	311.0	146.0	('gadx', 'gntu')	False												gadx	gntu	iscr	4	0	1	86	0.29668107791247683	0.5989229608287013
142	398	292	(142, 398)	277.3333333333333	292.0	128.62866450886185	('cusr', 'torc')	False												cusr	torc	iscr	4	0	1	86	0.29668107791247683	0.5989229608287013
269	203	360	(203, 360)	277.3333333333333	269.0	78.83104295474806	('iscr', 'ybat')	False												iscr	ybat	iscr	4	0	1	86	0.29668107791247683	0.5989229608287013
201	272	359	(201, 359)	277.3333333333333	272.0	79.13490590967638	('gadx', 'gntt')	False												gadx	gntt	iscr	4	0	1	86	0.29668107791247683	0.5989229608287013
205	266	363	(205, 363)	278.0	266.0	79.68061244744545	('torr', 'napg')	False												torr	napg	iscr	4	0	1	86	0.29668107791247683	0.5989229608287013
371	329	135	(135, 371)	278.3333333333333	329.0	125.8941354207309	('iscr', 'cadb')	False												iscr	cadb	iscr	4	0	1	86	0.29668107791247683	0.5989229608287013
317	275	247	(247, 317)	279.6666666666667	275.0	35.23256069793016	('gntr', 'nrdi')	False												gntr	nrdi	iscr	4	0	1	86	0.29668107791247683	0.5989229608287013
286	186	367	(186, 367)	279.6666666666667	286.0	90.66605391949808	('gadx', 'idnr')	False												gadx	idnr	iscr	4	0	1	86	0.29668107791247683	0.5989229608287013
229	409	203	(203, 409)	280.3333333333333	229.0	112.1843720548158	('torr', 'idno')	False												torr	idno	iscr	4	0	1	86	0.29668107791247683	0.5989229608287013
308	313	221	(221, 313)	280.6666666666667	308.0	51.73329037798904	('gadx', 'sufb')	False												gadx	sufb	iscr	4	0	1	86	0.29668107791247683	0.5989229608287013
255	249	340	(249, 340)	281.3333333333333	255.0	50.89531740085067	('gntr', 'muri')	False												gntr	muri	iscr	4	0	1	86	0.29668107791247683	0.5989229608287013
315	115	415	(115, 415)	281.6666666666667	315.0	152.75252316519467	('iscr', 'idnk')	False												iscr	idnk	iscr	4	0	1	86	0.29668107791247683	0.5989229608287013
356	391	99	(99, 391)	282.0	356.0	159.4459155952262	('cusr', 'idnd')	False												cusr	idnd	iscr	4	0	1	86	0.29668107791247683	0.5989229608287013
258	245	344	(245, 344)	282.3333333333333	258.0	53.79900866496829	('gadx', 'idnt')	False												gadx	idnt	iscr	4	0	1	86	0.29668107791247683	0.5989229608287013
153	295	401	(153, 401)	283.0	295.0	124.43472184241824	('gadx', 'tora')	False												gadx	tora	iscr	4	0	1	86	0.29668107791247683	0.5989229608287013
220	213	417	(213, 417)	283.3333333333333	220.0	115.81162866194973	('gntr', 'idno')	True	1846.0	('gntr', 'idno')	10.0	[(0, 0.27399302796216624, 0.001608165299715786), (10, 0.64906067720610117, 2.0333577227917726e-08), (20, 0.4725719028123842, 0.00020582478540108218), (30, 0.25529499959771712, 0.031657058105496801), (60, 0.28945490079760489, 0.10228638929481733), (90, 0.054875408970366239, 0.84003627889275589)]	['-']	gntr	idno	gntr	62.0	idno	62.0	gntr	idno	iscr	4	0	1	86	0.29668107791247683	0.5989229608287013
283	219	351	(219, 351)	284.3333333333333	283.0	66.01010023726167	('iscr', 'ybas')	False												iscr	ybas	iscr	4	0	1	86	0.29668107791247683	0.5989229608287013
250	399	209	(209, 399)	286.0	250.0	99.98499887483122	('cusr', 'napg')	False												cusr	napg	iscr	4	0	1	86	0.29668107791247683	0.5989229608287013
238	368	256	(238, 368)	287.3333333333333	256.0	70.43673284113434	('gntr', 'nrdh')	False												gntr	nrdh	iscr	4	0	1	86	0.29668107791247683	0.5989229608287013
388	292	184	(184, 388)	288.0	292.0	102.05880657738459	('iscr', 'gadx')	False												iscr	gadx	iscr	4	0	1	86	0.29668107791247683	0.5989229608287013
359	108	397	(108, 397)	288.0	359.0	157.03821191035001	('gntr', 'uspe')	False												gntr	uspe	iscr	4	0	1	86	0.29668107791247683	0.5989229608287013
304	155	409	(155, 409)	289.3333333333333	304.0	127.63359014512336	('gadx', 'tnab')	False												gadx	tnab	iscr	4	0	1	86	0.29668107791247683	0.5989229608287013
302	381	187	(187, 381)	290.0	302.0	97.5551126287085	('gntr', 'idnd')	True	1844.0	('gntr', 'idnd')	10.0	[(0, 0.22231435535129296, 0.011016051926755461), (10, 0.65689095783377016, 1.199057555014935e-08), (20, 0.42270933365645352, 0.0010540157356587077), (30, 0.19738194488169164, 0.098958398747372264), (60, 0.030832003876064076, 0.86475271093439621), (90, -0.34469070291124848, 0.19106777234309485)]	['-']	gntr	idnd	gntr	62.0	idnd	62.0	gntr	idnd	iscr	4	0	1	86	0.29668107791247683	0.5989229608287013
80	372	418	(80, 418)	290.0	372.0	183.31393836803574	('torr', 'cadb')	False												torr	cadb	iscr	4	0	1	86	0.29668107791247683	0.5989229608287013
379	337	155	(155, 379)	290.3333333333333	337.0	119.06860767361535	('cusr', 'napf')	False												cusr	napf	iscr	4	0	1	86	0.29668107791247683	0.5989229608287013
338	256	280	(256, 338)	291.3333333333333	280.0	42.15843134336634	('torr', 'napb')	False												torr	napb	iscr	4	0	1	86	0.29668107791247683	0.5989229608287013
352	354	168	(168, 354)	291.3333333333333	352.0	106.81448091590079	('gadx', 'sufc')	False												gadx	sufc	iscr	4	0	1	86	0.29668107791247683	0.5989229608287013
312	307	258	(258, 312)	292.3333333333333	307.0	29.838453936712828	('gntr', 'yedx')	False												gntr	yedx	iscr	4	0	1	86	0.29668107791247683	0.5989229608287013
397	301	180	(180, 397)	292.6666666666667	301.0	108.73975047485318	('iscr', 'sufa')	True	1904.0	('iscr', 'sufa')	60.0	[(0, 0.073410319294497123, 0.40651436798174889), (10, 0.21354424710239819, 0.1013656319390473), (20, 0.095157602180179476, 0.48136554974412971), (30, 0.046013111097359567, 0.70317847953722268), (60, -0.71656174729777722, 2.7296399094367149e-06), (90, -0.5668606105390237, 0.022039063898823808)]	['+']	iscr	sufa	iscr	3.0	sufa	3.0	iscr	sufa	iscr	4	0	1	86	0.29668107791247683	0.5989229608287013
185	344	361	(185, 361)	296.6666666666667	344.0	97.07900562600202	('gadx', 'hyaf')	False												gadx	hyaf	iscr	4	0	1	86	0.29668107791247683	0.5989229608287013
365	384	143	(143, 384)	297.3333333333333	365.0	133.99378095021177	('cusr', 'uspe')	False												cusr	uspe	iscr	4	0	1	86	0.29668107791247683	0.5989229608287013
290	182	423	(182, 423)	298.3333333333333	290.0	120.71591996639603	('gntr', 'tora')	False												gntr	tora	iscr	4	0	1	86	0.29668107791247683	0.5989229608287013
406	385	105	(105, 406)	298.6666666666667	385.0	168.04860408028784	('iscr', 'sufc')	True	1906.0	('iscr', 'sufc')		[(0, 0.11264389636550318, 0.20195588255419386), (10, 0.22454448879526046, 0.084558620685761671), (20, 0.18406287526053686, 0.17049971258802571), (30, 0.14732309925483839, 0.2201854718201928), (60, -0.64724628874113244, 4.6830019721067936e-05), (90, -0.44844174357460809, 0.081477600908010664)]	['+']	iscr	sufc	iscr	3.0	sufc	3.0	iscr	sufc	iscr	4	0	1	86	0.29668107791247683	0.5989229608287013
268	226	404	(226, 404)	299.3333333333333	268.0	93.04479208066044	('iscr', 'gadb')	False												iscr	gadb	iscr	4	0	1	86	0.29668107791247683	0.5989229608287013
369	304	226	(226, 369)	299.6666666666667	304.0	71.59841711471933	('gntr', 'sufd')	False												gntr	sufd	iscr	4	0	1	86	0.29668107791247683	0.5989229608287013
246	335	320	(246, 335)	300.3333333333333	320.0	47.648014998878324	('gntr', 'iscu')	False												gntr	iscu	iscr	4	0	1	86	0.29668107791247683	0.5989229608287013
410	365	133	(133, 410)	302.6666666666667	365.0	148.64835462706387	('torr', 'napf')	False												torr	napf	iscr	4	0	1	86	0.29668107791247683	0.5989229608287013
234	343	337	(234, 343)	304.6666666666667	337.0	61.27261487266015	('cusr', 'idnk')	False												cusr	idnk	iscr	4	0	1	86	0.29668107791247683	0.5989229608287013
332	270	313	(270, 332)	305.0	313.0	31.76476034853718	('cusr', 'napb')	False												cusr	napb	iscr	4	0	1	86	0.29668107791247683	0.5989229608287013
363	285	271	(271, 363)	306.3333333333333	285.0	49.57149718672348	('gadx', 'tnaa')	False												gadx	tnaa	iscr	4	0	1	86	0.29668107791247683	0.5989229608287013
346	333	242	(242, 346)	307.0	333.0	56.66568626602876	('gntr', 'sufc')	False												gntr	sufc	iscr	4	0	1	86	0.29668107791247683	0.5989229608287013
380	133	411	(133, 411)	308.0	380.0	152.34500319997372	('torr', 'tnac')	True	2766.0	('torr', 'tnac')		[(0, 0.26421694398370005, 0.0023846058580650263), (10, 0.29694831618773748, 0.021222503980888024), (20, 0.29612469730238283, 0.025313472907030905), (30, -0.020260956144583994, 0.86681243763526661), (60, 0.13558083943954183, 0.45186742789429524), (90, -0.07344973861024677, 0.78690543018619952)]	['+']	torr	tnac	torr	11.0	tnac	11.0	torr	tnac	iscr	4	0	1	86	0.29668107791247683	0.5989229608287013
228	402	294	(228, 402)	308.0	294.0	87.840765023991	('torr', 'cyod')	False												torr	cyod	iscr	4	0	1	86	0.29668107791247683	0.5989229608287013
128	403	394	(128, 403)	308.3333333333333	394.0	156.23806621093766	('cusr', 'yhid')	False												cusr	yhid	iscr	4	0	1	86	0.29668107791247683	0.5989229608287013
348	293	284	(284, 348)	308.3333333333333	293.0	34.64582706955245	('cusr', 'edd')	False												cusr	edd	iscr	4	0	1	86	0.29668107791247683	0.5989229608287013
392	317	217	(217, 392)	308.6666666666667	317.0	87.79711460710615	('iscr', 'cusr')	False												iscr	cusr	iscr	4	0	1	86	0.29668107791247683	0.5989229608287013
281	325	321	(281, 325)	309.0	321.0	24.331050121192877	('gntr', 'sufe')	False												gntr	sufe	iscr	4	0	1	86	0.29668107791247683	0.5989229608287013
138	412	380	(138, 412)	310.0	380.0	149.81321704042003	('gntr', 'mdte')	False												gntr	mdte	iscr	4	0	1	86	0.29668107791247683	0.5989229608287013
364	401	169	(169, 401)	311.3333333333333	364.0	124.6448287468571	('gadx', 'napf')	False												gadx	napf	iscr	4	0	1	86	0.29668107791247683	0.5989229608287013
236	347	352	(236, 352)	311.6666666666667	347.0	65.57692683660414	('cusr', 'sufd')	False												cusr	sufd	iscr	4	0	1	86	0.29668107791247683	0.5989229608287013
278	253	406	(253, 406)	312.3333333333333	278.0	82.07516879868925	('torr', 'cyoa')	False												torr	cyoa	iscr	4	0	1	86	0.29668107791247683	0.5989229608287013
391	345	202	(202, 391)	312.6666666666667	345.0	98.56131763188503	('torr', 'gadb')	False												torr	gadb	iscr	4	0	1	86	0.29668107791247683	0.5989229608287013
387	393	160	(160, 393)	313.3333333333333	387.0	132.82444554122307	('torr', 'sufc')	False												torr	sufc	iscr	4	0	1	86	0.29668107791247683	0.5989229608287013
299	328	316	(299, 328)	314.3333333333333	316.0	14.571661996262929	('cusr', 'sufb')	False												cusr	sufb	iscr	4	0	1	86	0.29668107791247683	0.5989229608287013
417	331	195	(195, 417)	314.3333333333333	331.0	111.93450465934681	('cusr', 'sufa')	False												cusr	sufa	iscr	4	0	1	86	0.29668107791247683	0.5989229608287013
237	376	332	(237, 376)	315.0	332.0	71.04224095564554	('torr', 'gade')	False												torr	gade	iscr	4	0	1	86	0.29668107791247683	0.5989229608287013
423	405	124	(124, 423)	317.3333333333333	405.0	167.67329344094526	('iscr', 'sufb')	True	1905.0	('iscr', 'sufb')		[(0, 0.048400116885054301, 0.5844906889876017), (10, 0.1327801751900205, 0.3118432436018872), (20, 0.085636327644640839, 0.52648459308523243), (30, 0.11367307306179682, 0.34522635453558714), (60, -0.61687435181521855, 0.00013166104431755477), (90, -0.48498377428898909, 0.056899617615762552)]	['+']	iscr	sufb	iscr	3.0	sufb	3.0	iscr	sufb	iscr	4	0	1	86	0.29668107791247683	0.5989229608287013
270	341	341	(270, 341)	317.3333333333333	341.0	40.991869112463434	('cusr', 'tnaa')	False												cusr	tnaa	iscr	4	0	1	86	0.29668107791247683	0.5989229608287013
242	290	422	(242, 422)	318.0	290.0	93.20944158184835	('gntr', 'asnb')	False												gntr	asnb	iscr	4	0	1	86	0.29668107791247683	0.5989229608287013
368	198	388	(198, 388)	318.0	368.0	104.4030650891055	('gntr', 'gntt')	True	1841.0	('gntr', 'gntt')		[(0, 0.09394166339026086, 0.28773302271579537), (10, 0.34574501972832333, 0.0068142226441510884), (20, 0.24265912588361901, 0.06895155678758752), (30, -0.18202014490144097, 0.12870522441941634), (60, 0.036189124323886088, 0.84152746137919776), (90, -0.2088471276792648, 0.43760555196207551)]	['-']	gntr	gntt	gntr	62.0	gntt	62.0	gntr	gntt	iscr	4	0	1	86	0.29668107791247683	0.5989229608287013
419	330	206	(206, 419)	318.3333333333333	330.0	106.97819092382022	('torr', 'rpos')	False												torr	rpos	iscr	4	0	1	86	0.29668107791247683	0.5989229608287013
398	406	152	(152, 406)	318.6666666666667	398.0	144.39298228561296	('gntr', 'idnt')	True	1847.0	('gntr', 'idnt')		[(0, 0.10430292536966494, 0.23761276715212024), (10, 0.4888946622642848, 7.3849618925464581e-05), (20, 0.29631096929546846, 0.025217228437980722), (30, -0.029260106579808261, 0.80860534449810628), (60, -0.25001245741693312, 0.1605471006368967), (90, -0.58528896079383086, 0.017226507719302592)]	['-']	gntr	idnt	gntr	62.0	idnt	62.0	gntr	idnt	iscr	4	0	1	86	0.29668107791247683	0.5989229608287013
223	361	374	(223, 374)	319.3333333333333	361.0	83.67994582534894	('iscr', 'cuss')	False												iscr	cuss	iscr	4	0	1	86	0.29668107791247683	0.5989229608287013
249	355	356	(249, 356)	320.0	355.0	61.48983655857283	('gadx', 'hyad')	False												gadx	hyad	iscr	4	0	1	86	0.29668107791247683	0.5989229608287013
393	332	236	(236, 393)	320.3333333333333	332.0	79.14754154952213	('iscr', 'gadc')	False												iscr	gadc	iscr	4	0	1	86	0.29668107791247683	0.5989229608287013
401	302	259	(259, 401)	320.6666666666667	302.0	72.8171225285189	('iscr', 'yhid')	False												iscr	yhid	iscr	4	0	1	86	0.29668107791247683	0.5989229608287013
313	375	281	(281, 375)	323.0	313.0	47.791212581394085	('gadx', 'tnac')	False												gadx	tnac	iscr	4	0	1	86	0.29668107791247683	0.5989229608287013
298	410	261	(261, 410)	323.0	298.0	77.58221445666526	('torr', 'cyoe')	False												torr	cyoe	iscr	4	0	1	86	0.29668107791247683	0.5989229608287013
405	321	246	(246, 405)	324.0	321.0	79.54244150137711	('gntr', 'cuss')	False												gntr	cuss	iscr	4	0	1	86	0.29668107791247683	0.5989229608287013
342	416	215	(215, 416)	324.3333333333333	342.0	101.65792312128619	('torr', 'sufs')	False												torr	sufs	iscr	4	0	1	86	0.29668107791247683	0.5989229608287013
402	235	336	(235, 402)	324.3333333333333	336.0	84.10905619095564	('torr', 'napd')	False												torr	napd	iscr	4	0	1	86	0.29668107791247683	0.5989229608287013
370	420	196	(196, 420)	328.6666666666667	370.0	117.58117763202294	('gntr', 'tnaa')	False												gntr	tnaa	iscr	4	0	1	86	0.29668107791247683	0.5989229608287013
351	407	228	(228, 407)	328.6666666666667	351.0	91.56600533676968	('gntr', 'sufb')	False												gntr	sufb	iscr	4	0	1	86	0.29668107791247683	0.5989229608287013
263	387	339	(263, 387)	329.6666666666667	339.0	62.52466180103123	('torr', 'cyob')	False												torr	cyob	iscr	4	0	1	86	0.29668107791247683	0.5989229608287013
218	400	371	(218, 400)	329.6666666666667	371.0	97.78718389100554	('torr', 'cyoc')	False												torr	cyoc	iscr	4	0	1	86	0.29668107791247683	0.5989229608287013
414	358	219	(219, 414)	330.3333333333333	358.0	100.40086321010061	('cusr', 'rpos')	False												cusr	rpos	iscr	4	0	1	86	0.29668107791247683	0.5989229608287013
330	274	389	(274, 389)	331.0	330.0	57.5065213693195	('iscr', 'hded')	False												iscr	hded	iscr	4	0	1	86	0.29668107791247683	0.5989229608287013
416	350	229	(229, 416)	331.6666666666667	350.0	94.83845914676878	('gadx', 'sufa')	False												gadx	sufa	iscr	4	0	1	86	0.29668107791247683	0.5989229608287013
344	352	299	(299, 352)	331.6666666666667	344.0	28.571547618799602	('torr', 'uspe')	False												torr	uspe	iscr	4	0	1	86	0.29668107791247683	0.5989229608287013
353	237	405	(237, 405)	331.6666666666667	353.0	86.00775158864074	('iscr', 'tnac')	False												iscr	tnac	iscr	4	0	1	86	0.29668107791247683	0.5989229608287013
305	373	319	(305, 373)	332.3333333333333	319.0	35.90728802532062	('gadx', 'rpos')	True	1799.0	('gadx', 'rpos')		[(0, 0.32723972569101906, 0.00014454936018995843), (10, 0.026676314353202311, 0.83966418406072263), (20, -0.11508936309086922, 0.39394042987658984), (30, -0.21083632962119636, 0.077580177250778551), (60, 0.4443547988624284, 0.0095778416421534018), (90, 0.28635010153765467, 0.28228163549412461)]	['+']	gadx	rpos	gadx	11.0	rpos	11.0	gadx	rpos	iscr	4	0	1	86	0.29668107791247683	0.5989229608287013
360	278	364	(278, 364)	334.0	360.0	48.53864439804639	('iscr', 'cyob')	False												iscr	cyob	iscr	4	0	1	86	0.29668107791247683	0.5989229608287013
355	360	289	(289, 360)	334.6666666666667	355.0	39.62743157628732	('gntr', 'sufs')	False												gntr	sufs	iscr	4	0	1	86	0.29668107791247683	0.5989229608287013
409	205	393	(205, 409)	335.6666666666667	393.0	113.4430841141642	('cusr', 'iscr')	False												cusr	iscr	iscr	4	0	1	86	0.29668107791247683	0.5989229608287013
326	357	326	(326, 357)	336.3333333333333	326.0	17.897858344878397	('iscr', 'cyod')	False												iscr	cyod	iscr	4	0	1	86	0.29668107791247683	0.5989229608287013
374	296	345	(296, 374)	338.3333333333333	345.0	39.42503434790302	('gadx', 'napc')	False												gadx	napc	iscr	4	0	1	86	0.29668107791247683	0.5989229608287013
320	392	303	(303, 392)	338.3333333333333	320.0	47.247574893674	('torr', 'sufd')	False												torr	sufd	iscr	4	0	1	86	0.29668107791247683	0.5989229608287013
373	316	335	(316, 373)	341.3333333333333	335.0	29.022979401386987	('gntr', 'nrde')	False												gntr	nrde	iscr	4	0	1	86	0.29668107791247683	0.5989229608287013
357	386	286	(286, 386)	343.0	357.0	51.44900387762624	('iscr', 'cada')	False												iscr	cada	iscr	4	0	1	86	0.29668107791247683	0.5989229608287013
323	421	288	(288, 421)	344.0	323.0	68.94200461257273	('torr', 'sufe')	False												torr	sufe	iscr	4	0	1	86	0.29668107791247683	0.5989229608287013
404	252	376	(252, 404)	344.0	376.0	80.89499366462674	('iscr', 'gadw')	False												iscr	gadw	iscr	4	0	1	86	0.29668107791247683	0.5989229608287013
386	394	255	(255, 394)	345.0	386.0	78.04485889538144	('cusr', 'idnt')	False												cusr	idnt	iscr	4	0	1	86	0.29668107791247683	0.5989229608287013
400	362	277	(277, 400)	346.3333333333333	362.0	62.978832422754024	('torr', 'tnaa')	True	2764.0	('torr', 'tnaa')	10.0	[(0, 0.31857271475446564, 0.00022081638710652314), (10, 0.71771419439559414, 1.0949332108049475e-10), (20, 0.54088179653920554, 1.4009538704524507e-05), (30, 0.17208002685872087, 0.15129743404287516), (60, 0.19862139678251928, 0.26782580678466128), (90, -0.12313989322472604, 0.64958400397005833)]	['+']	torr	tnaa	torr	11.0	tnaa	11.0	torr	tnaa	iscr	4	0	1	86	0.29668107791247683	0.5989229608287013
231	404	413	(231, 413)	349.3333333333333	404.0	102.57842528199257	('gntr', 'hdea')	False												gntr	hdea	iscr	4	0	1	86	0.29668107791247683	0.5989229608287013
408	383	262	(262, 408)	351.0	383.0	78.08328886515987	('iscr', 'gada')	False												iscr	gada	iscr	4	0	1	86	0.29668107791247683	0.5989229608287013
248	424	391	(248, 424)	354.3333333333333	391.0	93.55390602926921	('gadx', 'sufs')	False												gadx	sufs	iscr	4	0	1	86	0.29668107791247683	0.5989229608287013
411	280	372	(280, 411)	354.3333333333333	372.0	67.26316475853135	('cusr', 'iscs')	False												cusr	iscs	iscr	4	0	1	86	0.29668107791247683	0.5989229608287013
293	378	395	(293, 395)	355.3333333333333	378.0	54.647354312293416	('torr', 'hdeb')	True	2763.0	('torr', 'hdeb')		[(0, 0.29809951255557304, 0.00057171047340031061), (10, 0.28073871516287124, 0.029799208158808679), (20, 0.29663348919122745, 0.025051314573877118), (30, 0.29857414383153102, 0.011433915202034762), (60, 0.54117277566291433, 0.0011457655719801058), (90, -0.28298727197590789, 0.28822113931659299)]	['+']	torr	hdeb	torr	11.0	hdeb	11.0	torr	hdeb	iscr	4	0	1	86	0.29668107791247683	0.5989229608287013
424	417	225	(225, 424)	355.3333333333333	417.0	112.9262296073562	('cusr', 'tnab')	False												cusr	tnab	iscr	4	0	1	86	0.29668107791247683	0.5989229608287013
412	396	265	(265, 412)	357.6666666666667	396.0	80.64944719794013	('torr', 'tnab')	True	2765.0	('torr', 'tnab')	10.0	[(0, 0.34198322483008625, 6.825035192810644e-05), (10, 0.66977645313864098, 4.8579566788874836e-09), (20, 0.50781102473182105, 5.5272314599874962e-05), (30, 0.20740356493474763, 0.082648857568079478), (60, 0.048879271006612816, 0.7870643819159806), (90, -0.013311179488583126, 0.96097723616266262)]	['+']	torr	tnab	torr	11.0	tnab	11.0	torr	tnab	iscr	4	0	1	86	0.29668107791247683	0.5989229608287013
349	422	309	(309, 422)	360.0	349.0	57.29746940310715	('torr', 'sufb')	False												torr	sufb	iscr	4	0	1	86	0.29668107791247683	0.5989229608287013
327	351	410	(327, 410)	362.6666666666667	351.0	42.71221527073178	('iscr', 'cyoc')	False												iscr	cyoc	iscr	4	0	1	86	0.29668107791247683	0.5989229608287013
287	423	386	(287, 423)	365.3333333333333	386.0	70.31595361888604	('gadx', 'sufd')	False												gadx	sufd	iscr	4	0	1	86	0.29668107791247683	0.5989229608287013
378	415	310	(310, 415)	367.6666666666667	378.0	53.257237379846636	('torr', 'sufa')	False												torr	sufa	iscr	4	0	1	86	0.29668107791247683	0.5989229608287013
421	419	274	(274, 421)	371.3333333333333	419.0	84.29907077384266	('iscr', 'sufd')	True	1907.0	('iscr', 'sufd')	60.0	[(0, 0.091020703948836296, 0.30305125923227766), (10, 0.20976203457342948, 0.10770768237949781), (20, 0.15001434198866262, 0.26536132989781652), (30, 0.094797347509534696, 0.43164981532329905), (60, -0.7112854121804103, 3.4866880745177778e-06), (90, -0.62196755908730283, 0.01009674821180756)]	['+']	iscr	sufd	iscr	3.0	sufd	3.0	iscr	sufd	iscr	4	0	1	86	0.29668107791247683	0.5989229608287013
381	353	384	(353, 384)	372.6666666666667	381.0	17.09775813764288	('iscr', 'cyoe')	False												iscr	cyoe	iscr	4	0	1	86	0.29668107791247683	0.5989229608287013
350	371	398	(350, 398)	373.0	371.0	24.06241883103193	('iscr', 'tnab')	False												iscr	tnab	iscr	4	0	1	86	0.29668107791247683	0.5989229608287013
385	397	343	(343, 397)	375.0	385.0	28.35489375751565	('gntr', 'sufa')	False												gntr	sufa	iscr	4	0	1	86	0.29668107791247683	0.5989229608287013
395	367	392	(367, 395)	384.6666666666667	392.0	15.37313674346694	('gadx', 'uspe')	True	1801.0	('gadx', 'uspe')		[(0, 0.096343204414583244, 0.27553215172094525), (10, -0.19900188414161468, 0.12742711518468297), (20, -0.40725789603875834, 0.0016658498946143848), (30, -0.35063787386795142, 0.0027185972294342712), (60, 0.38452578434709633, 0.02714036632691437), (90, 0.44716897678914835, 0.082452184450211685)]	['+']	gadx	uspe	gadx	11.0	uspe	11.0	gadx	uspe	iscr	4	0	1	86	0.29668107791247683	0.5989229608287013
396	418	353	(353, 418)	389.0	396.0	33.06055050963308	('gntr', 'tnab')	False												gntr	tnab	iscr	4	0	1	86	0.29668107791247683	0.5989229608287013
422	414	407	(407, 422)	414.3333333333333	414.0	7.505553499465135	('iscr', 'tnaa')	False												iscr	tnaa	iscr	4	0	1	86	0.29668107791247683	0.5989229608287013
